Global,Region,RVP,Director,Manager,IC,Q1_NetNewACV,Q2_NetNewACV,Q3_NetNewACV,Q4_NetNewACV,Q1_CloudSeats,Q2_CloudSeats,Q3_CloudSeats,Q4_CloudSeats,Q1_DCSeats,Q2_DCSeats,Q3_DCSeats,Q4_DCSeats,LTM_ExpansionSpent,Q1_Has_Active_Cert,Q2_Has_Active_Cert,Q3_Has_Active_Cert,Q4_Has_Active_Cert,Open_Pipeline,Late_Stage_Commit,Best_Case_Adds,Current_Seats_ProductX,Knowledge_Workers_Count,Unmigrated_Seats,Is_Brand_New,NetNewACV_4Q_sum,CloudSeats_4Q_sum,DCSeats_4Q_sum
Global_Corp,NA,RVP_NA_1,Dir_RVP_NA_1_1,Mgr_Dir_RVP_NA_1_1_1,IC_Mgr_Dir_RVP_NA_1_1_1_1,98257.44,141025.6,166249.84,183790.37,11,27,45,47,52,26,59,58,150219.83,False,True,True,True,407320.79,46009.96,23332.58,171,957,164,no,589323.25,130,195
Global_Corp,NA,RVP_NA_1,Dir_RVP_NA_1_1,Mgr_Dir_RVP_NA_1_1_1,IC_Mgr_Dir_RVP_NA_1_1_1_2,175658.57,148068.7,144378.1,319327.19,22,29,26,81,44,39,38,52,459214.44,True,True,True,True,428384.59,87390.21,98078.24,50,1950,0,no,787432.56,158,173
Global_Corp,NA,RVP_NA_1,Dir_RVP_NA_1_1,Mgr_Dir_RVP_NA_1_1_1,IC_Mgr_Dir_RVP_NA_1_1_1_3,0.0,0.0,228306.57,363620.92,0,0,47,79,32,24,34,45,89542.05,False,False,False,False,228109.02,112810.85,36991.92,356,3726,83,no,591927.49,126,135
Global_Corp,NA,RVP_NA_1,Dir_RVP_NA_1_1,Mgr_Dir_RVP_NA_1_1_1,IC_Mgr_Dir_RVP_NA_1_1_1_4,246217.16,240482.66,225235.02,350753.2,67,41,53,95,29,39,30,34,90827.5,True,True,True,True,408786.0,200792.16,86709.92,318,3751,76,no,1062688.04,256,132
Global_Corp,NA,RVP_NA_1,Dir_RVP_NA_1_1,Mgr_Dir_RVP_NA_1_1_1,IC_Mgr_Dir_RVP_NA_1_1_1_5,168377.27,172053.39,162777.49,250657.09,38,25,39,43,40,35,46,50,346966.15,False,True,True,True,402634.59,81191.67,98467.85,165,2303,0,no,753865.23,145,171
Global_Corp,NA,RVP_NA_1,Dir_RVP_NA_1_1,Mgr_Dir_RVP_NA_1_1_1,IC_Mgr_Dir_RVP_NA_1_1_1_6,133995.73,165840.2,210960.79,344148.9,21,37,46,86,39,53,34,29,283131.98,True,True,True,True,714927.01,156956.64,74157.24,258,3313,112,no,854945.62,190,155
Global_Corp,NA,RVP_NA_1,Dir_RVP_NA_1_1,Mgr_Dir_RVP_NA_1_1_1,IC_Mgr_Dir_RVP_NA_1_1_1_7,528598.72,503507.07,308296.44,546361.34,140,85,82,86,10,16,12,15,98356.74,True,True,True,True,922662.17,343286.14,170179.82,262,855,186,no,1886763.57,393,53
Global_Corp,NA,RVP_NA_1,Dir_RVP_NA_1_1,Mgr_Dir_RVP_NA_1_1_2,IC_Mgr_Dir_RVP_NA_1_1_2_1,531110.09,366816.34,282549.21,616337.83,118,47,44,143,6,15,17,8,30836.48,True,True,True,True,1553968.12,341542.69,146933.93,249,4594,15,no,1796813.47,352,46
Global_Corp,NA,RVP_NA_1,Dir_RVP_NA_1_1,Mgr_Dir_RVP_NA_1_1_2,IC_Mgr_Dir_RVP_NA_1_1_2_2,254015.94,325431.03,376985.51,322162.17,32,82,49,87,30,35,33,17,95821.4,True,True,True,False,1094085.62,151712.54,158324.14,101,1635,53,no,1278594.65,250,115
Global_Corp,NA,RVP_NA_1,Dir_RVP_NA_1_1,Mgr_Dir_RVP_NA_1_1_2,IC_Mgr_Dir_RVP_NA_1_1_2_3,0.0,0.0,291453.74,302447.72,0,0,38,64,23,21,21,21,246398.88,False,False,True,True,380402.62,121279.97,40977.09,87,1265,49,yes,593901.46,102,86
Global_Corp,NA,RVP_NA_1,Dir_RVP_NA_1_1,Mgr_Dir_RVP_NA_1_1_2,IC_Mgr_Dir_RVP_NA_1_1_2_4,435841.84,353739.5,261853.38,479605.12,115,55,41,94,18,13,16,22,140247.82,False,True,True,True,619856.58,210205.84,117853.62,234,314,190,no,1531039.85,305,69
Global_Corp,NA,RVP_NA_1,Dir_RVP_NA_1_1,Mgr_Dir_RVP_NA_1_1_3,IC_Mgr_Dir_RVP_NA_1_1_3_1,492539.36,446394.9,363937.89,614820.03,105,95,69,98,12,16,11,12,90754.8,True,True,True,True,1030573.41,382156.79,178773.34,28,3759,156,no,1917692.18,367,51
Global_Corp,NA,RVP_NA_1,Dir_RVP_NA_1_1,Mgr_Dir_RVP_NA_1_1_3,IC_Mgr_Dir_RVP_NA_1_1_3_2,218624.48,306760.67,195693.13,286121.91,56,42,34,58,35,18,37,31,228312.27,False,True,True,True,569506.47,123076.91,137294.56,497,1041,135,no,1007200.18,190,121
Global_Corp,NA,RVP_NA_1,Dir_RVP_NA_1_1,Mgr_Dir_RVP_NA_1_1_3,IC_Mgr_Dir_RVP_NA_1_1_3_3,414291.02,295996.49,274782.66,313996.07,87,76,34,42,22,22,12,11,41444.95,True,True,False,False,908524.11,151962.84,71609.88,338,780,22,no,1299066.24,239,67
Global_Corp,NA,RVP_NA_1,Dir_RVP_NA_1_1,Mgr_Dir_RVP_NA_1_1_3,IC_Mgr_Dir_RVP_NA_1_1_3_4,118011.79,126717.07,103434.4,143874.46,15,20,27,39,25,23,60,45,475225.26,True,True,False,True,342700.11,69965.28,55968.12,310,360,176,no,492037.72,101,153
Global_Corp,NA,RVP_NA_1,Dir_RVP_NA_1_1,Mgr_Dir_RVP_NA_1_1_3,IC_Mgr_Dir_RVP_NA_1_1_3_5,0.0,0.0,0.0,386548.66,0,0,0,85,24,15,12,14,131251.89,False,False,False,False,163986.11,65423.49,52980.36,184,4790,109,yes,386548.66,85,65
Global_Corp,NA,RVP_NA_1,Dir_RVP_NA_1_1,Mgr_Dir_RVP_NA_1_1_3,IC_Mgr_Dir_RVP_NA_1_1_3_6,469896.2,413695.46,482130.99,591394.88,73,54,104,120,10,6,15,6,156624.68,False,True,True,True,1045217.32,229519.97,278886.61,481,3563,39,no,1957117.53,351,37
Global_Corp,NA,RVP_NA_1,Dir_RVP_NA_1_1,Mgr_Dir_RVP_NA_1_1_4,IC_Mgr_Dir_RVP_NA_1_1_4_1,401131.62,321153.24,395736.06,411368.29,89,44,61,68,15,11,12,16,57048.86,True,True,True,True,1149580.19,218068.35,116061.82,295,956,27,no,1529389.21,262,54
Global_Corp,NA,RVP_NA_1,Dir_RVP_NA_1_1,Mgr_Dir_RVP_NA_1_1_4,IC_Mgr_Dir_RVP_NA_1_1_4_2,350849.94,203407.8,303330.34,563552.67,61,44,82,123,38,33,15,23,333577.81,True,True,True,True,866043.57,199095.41,89695.33,96,3410,177,no,1421140.75,310,109
Global_Corp,NA,RVP_NA_1,Dir_RVP_NA_1_1,Mgr_Dir_RVP_NA_1_1_4,IC_Mgr_Dir_RVP_NA_1_1_4_3,123097.13,71740.91,119758.82,140768.53,23,10,32,31,34,52,34,43,395534.2,True,False,True,True,309709.49,41525.07,22345.17,239,2677,117,no,455365.39,96,163
Global_Corp,NA,RVP_NA_1,Dir_RVP_NA_1_1,Mgr_Dir_RVP_NA_1_1_4,IC_Mgr_Dir_RVP_NA_1_1_4_4,0.0,0.0,304285.21,312463.19,0,0,67,79,12,21,21,20,232838.95,False,False,False,False,410101.53,87290.5,56802.43,22,232,78,yes,616748.4,146,74
Global_Corp,NA,RVP_NA_1,Dir_RVP_NA_1_1,Mgr_Dir_RVP_NA_1_1_4,IC_Mgr_Dir_RVP_NA_1_1_4_5,116788.02,141552.1,131318.56,178826.68,15,37,30,33,53,64,51,52,419282.0,False,True,True,True,473457.88,118471.7,34063.85,30,1533,53,no,568485.35,115,220
Global_Corp,NA,RVP_NA_1,Dir_RVP_NA_1_2,Mgr_Dir_RVP_NA_1_2_1,IC_Mgr_Dir_RVP_NA_1_2_1_1,0.0,0.0,218879.23,338493.24,0,0,38,70,40,43,23,46,209436.41,False,False,False,True,245514.4,55094.49,44406.39,409,531,161,yes,557372.47,108,152
Global_Corp,NA,RVP_NA_1,Dir_RVP_NA_1_2,Mgr_Dir_RVP_NA_1_2_1,IC_Mgr_Dir_RVP_NA_1_2_1_2,0.0,0.0,0.0,0.0,0,0,0,0,0,0,0,0,0.0,False,False,False,False,127260.95,19254.81,20021.58,73,832,189,yes,0.0,0,0
Global_Corp,NA,RVP_NA_1,Dir_RVP_NA_1_2,Mgr_Dir_RVP_NA_1_2_1,IC_Mgr_Dir_RVP_NA_1_2_1_3,68610.95,75011.42,113250.66,95671.28,12,19,18,18,47,48,46,63,188933.76,False,True,True,True,221114.85,33369.68,47211.94,223,4990,44,no,352544.31,67,204
Global_Corp,NA,RVP_NA_1,Dir_RVP_NA_1_2,Mgr_Dir_RVP_NA_1_2_1,IC_Mgr_Dir_RVP_NA_1_2_1_4,340428.78,431169.39,464535.7,346113.62,64,76,79,56,11,19,12,12,65207.95,True,True,True,True,743402.48,179767.61,214720.52,445,1019,118,no,1582247.5,275,54
Global_Corp,NA,RVP_NA_1,Dir_RVP_NA_1_2,Mgr_Dir_RVP_NA_1_2_1,IC_Mgr_Dir_RVP_NA_1_2_1_5,216232.26,191091.53,323360.59,264099.95,52,43,59,65,41,27,38,28,171172.83,False,True,True,True,865226.51,189803.86,41712.04,279,2020,152,no,994784.34,219,134
Global_Corp,NA,RVP_NA_1,Dir_RVP_NA_1_2,Mgr_Dir_RVP_NA_1_2_1,IC_Mgr_Dir_RVP_NA_1_2_1_6,210689.33,162940.21,189907.97,365059.32,37,26,41,71,54,29,51,26,387446.81,True,True,True,True,750020.29,95958.22,74732.95,361,2177,0,no,928596.84,175,160
Global_Corp,NA,RVP_NA_1,Dir_RVP_NA_1_2,Mgr_Dir_RVP_NA_1_2_1,IC_Mgr_Dir_RVP_NA_1_2_1_7,338849.5,269983.98,239625.95,431930.69,84,39,29,114,17,26,20,26,247597.66,True,True,True,True,534140.28,149622.11,61323.29,479,3534,197,no,1280390.13,266,89
Global_Corp,NA,RVP_NA_1,Dir_RVP_NA_1_2,Mgr_Dir_RVP_NA_1_2_2,IC_Mgr_Dir_RVP_NA_1_2_2_1,0.0,0.0,0.0,0.0,0,0,0,0,0,0,0,0,0.0,False,False,False,False,122147.25,21501.76,21634.94,46,1685,161,yes,0.0,0,0
Global_Corp,NA,RVP_NA_1,Dir_RVP_NA_1_2,Mgr_Dir_RVP_NA_1_2_2,IC_Mgr_Dir_RVP_NA_1_2_2_2,81110.83,80186.11,102025.92,154238.44,20,15,20,26,34,68,54,37,371242.72,True,True,True,True,241110.38,33624.81,46806.39,436,3121,86,no,417561.3,81,193
Global_Corp,NA,RVP_NA_1,Dir_RVP_NA_1_2,Mgr_Dir_RVP_NA_1_2_2,IC_Mgr_Dir_RVP_NA_1_2_2_3,118915.19,131509.05,192645.7,280302.23,31,18,29,35,21,47,38,44,471736.85,False,False,False,True,374930.56,80793.67,92348.34,31,4644,11,no,723372.17,113,150
Global_Corp,NA,RVP_NA_1,Dir_RVP_NA_1_2,Mgr_Dir_RVP_NA_1_2_2,IC_Mgr_Dir_RVP_NA_1_2_2_4,113037.44,192924.64,110386.77,155057.61,17,33,27,29,50,32,26,23,452258.86,True,True,True,False,249161.35,49587.04,25503.08,270,3504,126,no,571406.47,106,131
Global_Corp,NA,RVP_NA_1,Dir_RVP_NA_1_2,Mgr_Dir_RVP_NA_1_2_2,IC_Mgr_Dir_RVP_NA_1_2_2_5,291959.62,268387.85,196817.24,357020.93,55,61,29,81,36,19,43,26,169575.06,True,True,True,True,795492.46,237358.57,144598.12,289,460,126,no,1114185.65,226,124
Global_Corp,NA,RVP_NA_1,Dir_RVP_NA_1_2,Mgr_Dir_RVP_NA_1_2_2,IC_Mgr_Dir_RVP_NA_1_2_2_6,292609.96,356757.63,399454.5,461527.63,76,49,102,119,18,17,14,14,212895.86,False,False,True,True,1063122.01,218585.21,105485.58,497,4691,185,no,1510349.71,346,63
Global_Corp,NA,RVP_NA_1,Dir_RVP_NA_1_2,Mgr_Dir_RVP_NA_1_2_2,IC_Mgr_Dir_RVP_NA_1_2_2_7,0.0,0.0,0.0,0.0,0,0,0,0,0,0,0,0,0.0,False,False,False,False,155021.66,32358.29,22413.68,56,2046,23,yes,0.0,0,0
Global_Corp,NA,RVP_NA_1,Dir_RVP_NA_1_2,Mgr_Dir_RVP_NA_1_2_3,IC_Mgr_Dir_RVP_NA_1_2_3_1,0.0,0.0,0.0,0.0,0,0,0,0,0,0,0,0,0.0,False,False,False,False,129804.9,32654.56,27669.97,467,1610,107,yes,0.0,0,0
Global_Corp,NA,RVP_NA_1,Dir_RVP_NA_1_2,Mgr_Dir_RVP_NA_1_2_3,IC_Mgr_Dir_RVP_NA_1_2_3_2,220231.52,280324.66,389776.45,507198.88,35,76,78,137,12,26,18,12,178879.4,True,True,True,True,1186702.83,200976.57,72242.18,355,4403,53,no,1397531.51,326,68
Global_Corp,NA,RVP_NA_1,Dir_RVP_NA_1_2,Mgr_Dir_RVP_NA_1_2_3,IC_Mgr_Dir_RVP_NA_1_2_3_3,409451.39,336350.61,404205.54,287157.11,74,90,93,65,24,23,10,26,203645.75,True,True,True,True,693833.43,236012.3,117106.81,33,4050,127,no,1437164.65,322,83
Global_Corp,NA,RVP_NA_1,Dir_RVP_NA_1_2,Mgr_Dir_RVP_NA_1_2_3,IC_Mgr_Dir_RVP_NA_1_2_3_4,463032.4,366120.79,347385.67,280078.68,109,54,70,41,22,12,21,16,184756.58,True,True,True,True,807725.06,320081.46,127943.64,214,2191,136,no,1456617.53,274,71
Global_Corp,NA,RVP_NA_1,Dir_RVP_NA_1_2,Mgr_Dir_RVP_NA_1_2_3,IC_Mgr_Dir_RVP_NA_1_2_3_5,109558.38,186415.17,114855.92,196192.6,23,25,20,34,47,21,33,54,432342.08,True,True,True,True,467309.39,98052.24,72406.68,228,1713,82,no,607022.07,102,155
Global_Corp,NA,RVP_NA_1,Dir_RVP_NA_1_2,Mgr_Dir_RVP_NA_1_2_3,IC_Mgr_Dir_RVP_NA_1_2_3_6,167531.57,96700.92,151392.07,158381.69,36,26,32,40,44,62,40,63,392789.39,True,False,True,True,479419.52,46743.12,40534.95,452,1485,86,no,574006.25,134,209
Global_Corp,NA,RVP_NA_1,Dir_RVP_NA_1_2,Mgr_Dir_RVP_NA_1_2_3,IC_Mgr_Dir_RVP_NA_1_2_3_7,60646.08,86791.6,80273.71,138919.12,8,12,14,38,69,51,50,55,486022.86,True,True,True,True,147764.43,79090.2,49269.58,244,1820,103,no,366630.51,72,225
Global_Corp,NA,RVP_NA_1,Dir_RVP_NA_1_2,Mgr_Dir_RVP_NA_1_2_4,IC_Mgr_Dir_RVP_NA_1_2_4_1,143012.06,219382.57,240303.11,261221.88,27,32,64,41,31,42,46,35,120622.12,False,True,True,True,501049.39,170608.3,51802.05,216,1512,70,no,863919.63,164,154
Global_Corp,NA,RVP_NA_1,Dir_RVP_NA_1_2,Mgr_Dir_RVP_NA_1_2_4,IC_Mgr_Dir_RVP_NA_1_2_4_2,298444.64,296383.03,191329.77,256726.43,68,70,45,39,22,45,33,38,124197.15,True,True,True,True,713820.51,124196.0,89320.04,232,4324,149,no,1042883.87,222,138
Global_Corp,NA,RVP_NA_1,Dir_RVP_NA_1_2,Mgr_Dir_RVP_NA_1_2_4,IC_Mgr_Dir_RVP_NA_1_2_4_3,200802.9,232181.04,154265.57,281709.8,50,60,33,50,24,51,23,53,452401.37,True,True,True,True,738382.04,166778.15,93596.48,206,4192,104,no,868959.31,193,151
Global_Corp,NA,RVP_NA_1,Dir_RVP_NA_1_2,Mgr_Dir_RVP_NA_1_2_4,IC_Mgr_Dir_RVP_NA_1_2_4_4,96532.88,144443.67,98239.3,193452.71,13,30,24,53,33,39,43,44,190835.66,True,True,True,True,287589.01,47084.06,51418.21,498,796,107,no,532668.55,120,159
Global_Corp,NA,RVP_NA_1,Dir_RVP_NA_1_2,Mgr_Dir_RVP_NA_1_2_4,IC_Mgr_Dir_RVP_NA_1_2_4_5,172515.3,257088.76,143476.67,281403.19,46,39,17,73,30,33,22,26,155580.64,False,False,True,True,611664.63,81354.43,41739.24,212,2126,0,no,854483.93,175,111
Global_Corp,NA,RVP_NA_1,Dir_RVP_NA_1_3,Mgr_Dir_RVP_NA_1_3_1,IC_Mgr_Dir_RVP_NA_1_3_1_1,515062.98,497364.1,475943.89,559898.21,131,116,124,136,12,14,13,8,86127.55,True,True,True,True,864442.81,282376.35,215071.72,123,2968,50,no,2048269.18,507,47
Global_Corp,NA,RVP_NA_1,Dir_RVP_NA_1_3,Mgr_Dir_RVP_NA_1_3_1,IC_Mgr_Dir_RVP_NA_1_3_1_2,217768.49,200032.58,197398.4,344615.3,46,27,24,61,22,41,48,44,236959.87,True,True,True,True,761458.9,174923.59,86535.65,310,1072,0,no,959814.77,158,155
Global_Corp,NA,RVP_NA_1,Dir_RVP_NA_1_3,Mgr_Dir_RVP_NA_1_3_1,IC_Mgr_Dir_RVP_NA_1_3_1_3,515206.03,395267.94,413672.94,538943.45,121,97,65,113,17,19,12,8,144196.78,True,True,True,True,1270753.88,277449.95,137693.31,33,4618,13,no,1863090.37,396,56
Global_Corp,NA,RVP_NA_1,Dir_RVP_NA_1_3,Mgr_Dir_RVP_NA_1_3_1,IC_Mgr_Dir_RVP_NA_1_3_1_4,125875.72,81981.81,139653.37,152079.62,28,13,23,39,26,42,66,26,382898.56,True,True,True,True,251755.88,54682.3,33559.11,362,2210,184,no,499590.51,103,160
Global_Corp,NA,RVP_NA_1,Dir_RVP_NA_1_3,Mgr_Dir_RVP_NA_1_3_1,IC_Mgr_Dir_RVP_NA_1_3_1_5,400047.62,327234.58,425003.65,361695.49,67,89,89,66,10,13,13,18,108522.9,False,False,True,True,1305826.15,125178.97,152789.2,223,1659,199,no,1513981.34,311,54
Global_Corp,NA,RVP_NA_1,Dir_RVP_NA_1_3,Mgr_Dir_RVP_NA_1_3_1,IC_Mgr_Dir_RVP_NA_1_3_1_6,281554.85,222350.8,202008.57,178083.1,72,31,33,31,19,24,24,31,110699.25,True,True,True,True,601076.32,128301.61,98627.41,116,1362,82,no,883997.31,167,98
Global_Corp,NA,RVP_NA_1,Dir_RVP_NA_1_3,Mgr_Dir_RVP_NA_1_3_1,IC_Mgr_Dir_RVP_NA_1_3_1_7,0.0,0.0,0.0,265981.92,0,0,0,34,25,53,31,20,157738.38,False,False,False,True,109662.38,58889.91,16841.08,99,687,114,yes,265981.92,34,129
Global_Corp,NA,RVP_NA_1,Dir_RVP_NA_1_3,Mgr_Dir_RVP_NA_1_3_2,IC_Mgr_Dir_RVP_NA_1_3_2_1,357793.14,366466.7,392462.87,570401.05,57,76,106,119,13,8,20,7,27596.81,True,True,True,True,914782.9,359980.78,114946.13,457,4365,114,no,1687123.76,358,48
Global_Corp,NA,RVP_NA_1,Dir_RVP_NA_1_3,Mgr_Dir_RVP_NA_1_3_2,IC_Mgr_Dir_RVP_NA_1_3_2_2,0.0,0.0,0.0,0.0,0,0,0,0,0,0,0,0,0.0,False,False,False,False,145348.83,41145.39,12352.8,99,1798,172,yes,0.0,0,0
Global_Corp,NA,RVP_NA_1,Dir_RVP_NA_1_3,Mgr_Dir_RVP_NA_1_3_2,IC_Mgr_Dir_RVP_NA_1_3_2_3,228625.84,264786.4,260032.11,356074.34,51,37,53,43,32,20,46,45,281513.5,False,True,True,True,929891.52,104557.72,124075.38,219,3604,186,no,1109518.68,184,143
Global_Corp,NA,RVP_NA_1,Dir_RVP_NA_1_3,Mgr_Dir_RVP_NA_1_3_2,IC_Mgr_Dir_RVP_NA_1_3_2_4,414176.95,514639.78,382992.0,631818.11,106,74,92,161,14,7,13,15,49609.8,True,True,True,True,1676966.43,236469.75,89617.93,325,375,88,no,1943626.84,433,49
Global_Corp,NA,RVP_NA_1,Dir_RVP_NA_1_3,Mgr_Dir_RVP_NA_1_3_2,IC_Mgr_Dir_RVP_NA_1_3_2_5,347766.11,399647.03,274847.49,547832.98,51,69,65,102,8,7,6,15,92225.04,False,True,True,True,815987.28,138435.14,179780.78,436,1779,191,no,1570093.61,287,36
Global_Corp,NA,RVP_NA_1,Dir_RVP_NA_1_3,Mgr_Dir_RVP_NA_1_3_2,IC_Mgr_Dir_RVP_NA_1_3_2_6,165149.79,167995.23,190249.01,258059.89,40,27,25,68,48,33,45,26,214880.25,False,True,True,False,570517.96,123118.14,80242.02,283,2238,139,no,781453.93,160,152
Global_Corp,NA,RVP_NA_1,Dir_RVP_NA_1_3,Mgr_Dir_RVP_NA_1_3_2,IC_Mgr_Dir_RVP_NA_1_3_2_7,339530.46,537195.02,363490.58,525780.63,93,123,62,132,11,10,9,9,125715.61,False,False,False,True,849368.64,170338.47,189974.08,177,1301,21,no,1765996.69,410,39
Global_Corp,NA,RVP_NA_2,Dir_RVP_NA_2_1,Mgr_Dir_RVP_NA_2_1_1,IC_Mgr_Dir_RVP_NA_2_1_1_1,0.0,0.0,0.0,0.0,0,0,0,0,0,0,0,0,0.0,False,False,False,False,87507.71,27111.46,5779.55,379,2924,183,yes,0.0,0,0
Global_Corp,NA,RVP_NA_2,Dir_RVP_NA_2_1,Mgr_Dir_RVP_NA_2_1_1,IC_Mgr_Dir_RVP_NA_2_1_1_2,329842.01,285503.16,349559.69,730984.16,72,50,74,116,8,7,7,20,128035.41,False,True,True,True,969311.83,334108.81,165520.62,86,3554,126,no,1695889.03,312,42
Global_Corp,NA,RVP_NA_2,Dir_RVP_NA_2_1,Mgr_Dir_RVP_NA_2_1_1,IC_Mgr_Dir_RVP_NA_2_1_1_3,285395.77,526185.25,321064.97,378608.7,70,89,41,90,12,14,14,16,70141.63,True,True,True,True,1200422.36,215648.28,129935.81,39,4450,80,no,1511254.68,290,56
Global_Corp,NA,RVP_NA_2,Dir_RVP_NA_2_1,Mgr_Dir_RVP_NA_2_1_1,IC_Mgr_Dir_RVP_NA_2_1_1_4,90245.72,97353.28,117731.12,166983.8,15,12,30,25,61,56,39,34,144769.08,True,True,True,True,224465.67,90398.13,69042.97,333,1397,124,no,472313.92,82,190
Global_Corp,NA,RVP_NA_2,Dir_RVP_NA_2_1,Mgr_Dir_RVP_NA_2_1_2,IC_Mgr_Dir_RVP_NA_2_1_2_1,370576.39,413835.98,287450.94,328687.71,96,83,40,86,16,11,9,9,142623.96,True,True,True,False,784105.4,281235.59,170846.41,286,1934,163,no,1400551.01,305,45
Global_Corp,NA,RVP_NA_2,Dir_RVP_NA_2_1,Mgr_Dir_RVP_NA_2_1_2,IC_Mgr_Dir_RVP_NA_2_1_2_2,0.0,0.0,0.0,0.0,0,0,0,0,0,0,0,0,0.0,False,False,False,False,119309.29,23250.26,8165.7,408,3201,180,yes,0.0,0,0
Global_Corp,NA,RVP_NA_2,Dir_RVP_NA_2_1,Mgr_Dir_RVP_NA_2_1_2,IC_Mgr_Dir_RVP_NA_2_1_2_3,334608.66,304800.82,363154.92,703495.72,91,56,76,98,16,22,11,11,102450.93,True,True,True,True,795736.34,171846.04,62110.06,205,944,9,no,1706060.12,321,60
Global_Corp,NA,RVP_NA_2,Dir_RVP_NA_2_1,Mgr_Dir_RVP_NA_2_1_2,IC_Mgr_Dir_RVP_NA_2_1_2_4,78686.83,116857.7,115942.57,89100.34,18,18,30,16,47,33,63,69,525589.61,False,True,True,True,303927.2,53520.69,13770.14,31,2786,38,no,400587.44,82,212
Global_Corp,NA,RVP_NA_2,Dir_RVP_NA_2_1,Mgr_Dir_RVP_NA_2_1_2,IC_Mgr_Dir_RVP_NA_2_1_2_5,203664.11,237342.35,153391.56,178463.35,41,44,42,36,47,23,17,46,232870.84,True,True,True,True,327915.66,124239.86,74389.64,149,4442,93,no,772861.37,163,133
Global_Corp,NA,RVP_NA_2,Dir_RVP_NA_2_1,Mgr_Dir_RVP_NA_2_1_3,IC_Mgr_Dir_RVP_NA_2_1_3_1,0.0,0.0,0.0,0.0,0,0,0,0,0,0,0,0,0.0,False,False,False,False,134531.58,44360.9,27402.89,209,1429,114,yes,0.0,0,0
Global_Corp,NA,RVP_NA_2,Dir_RVP_NA_2_1,Mgr_Dir_RVP_NA_2_1_3,IC_Mgr_Dir_RVP_NA_2_1_3_2,0.0,0.0,449663.92,347050.63,0,0,89,90,12,10,16,27,90915.65,False,False,False,True,364141.64,145359.87,23481.09,353,2447,164,no,796714.55,179,65
Global_Corp,NA,RVP_NA_2,Dir_RVP_NA_2_1,Mgr_Dir_RVP_NA_2_1_3,IC_Mgr_Dir_RVP_NA_2_1_3_3,211111.37,180179.4,258784.16,378483.76,26,34,51,76,50,23,39,43,210953.42,True,True,True,True,520522.53,87519.05,121469.55,177,2264,70,no,1028558.69,187,155
Global_Corp,NA,RVP_NA_2,Dir_RVP_NA_2_1,Mgr_Dir_RVP_NA_2_1_3,IC_Mgr_Dir_RVP_NA_2_1_3_4,448639.84,506730.51,387250.72,740339.79,65,138,53,157,10,14,9,13,126778.62,True,True,True,True,852858.77,343048.77,190744.04,195,911,0,no,2082960.87,413,46
Global_Corp,NA,RVP_NA_2,Dir_RVP_NA_2_1,Mgr_Dir_RVP_NA_2_1_3,IC_Mgr_Dir_RVP_NA_2_1_3_5,0.0,0.0,0.0,0.0,0,0,0,0,0,0,0,0,0.0,False,False,False,False,102666.47,17362.25,25988.79,440,2304,166,yes,0.0,0,0
Global_Corp,NA,RVP_NA_2,Dir_RVP_NA_2_1,Mgr_Dir_RVP_NA_2_1_3,IC_Mgr_Dir_RVP_NA_2_1_3_6,184974.07,245487.65,244078.12,405820.75,51,38,66,68,39,31,31,17,158122.86,True,True,True,True,718789.86,103509.75,80002.74,171,2711,141,no,1080360.59,223,118
Global_Corp,NA,RVP_NA_2,Dir_RVP_NA_2_1,Mgr_Dir_RVP_NA_2_1_3,IC_Mgr_Dir_RVP_NA_2_1_3_7,0.0,0.0,0.0,0.0,0,0,0,0,0,0,0,0,0.0,False,False,False,False,89610.12,19267.83,6132.37,142,3756,191,yes,0.0,0,0
Global_Corp,NA,RVP_NA_2,Dir_RVP_NA_2_2,Mgr_Dir_RVP_NA_2_2_1,IC_Mgr_Dir_RVP_NA_2_2_1_1,298662.0,256861.03,251153.23,322765.56,55,64,40,43,33,20,21,46,320471.11,True,True,True,True,607971.18,155018.94,100290.44,155,1608,47,no,1129441.83,202,120
Global_Corp,NA,RVP_NA_2,Dir_RVP_NA_2_2,Mgr_Dir_RVP_NA_2_2_1,IC_Mgr_Dir_RVP_NA_2_2_1_2,0.0,0.0,0.0,0.0,0,0,0,0,0,0,0,0,0.0,False,False,False,False,124831.17,42203.97,20339.61,412,1372,193,yes,0.0,0,0
Global_Corp,NA,RVP_NA_2,Dir_RVP_NA_2_2,Mgr_Dir_RVP_NA_2_2_1,IC_Mgr_Dir_RVP_NA_2_2_1_3,313618.18,260119.84,219115.4,377737.43,45,63,61,96,35,38,39,15,362328.49,True,True,True,True,456695.58,99743.83,122856.27,87,3843,146,no,1170590.84,265,127
Global_Corp,NA,RVP_NA_2,Dir_RVP_NA_2_2,Mgr_Dir_RVP_NA_2_2_1,IC_Mgr_Dir_RVP_NA_2_2_1_4,110185.32,154039.05,138356.01,158740.22,16,26,24,26,57,31,34,45,293287.57,False,True,True,True,336305.26,45671.41,46609.37,408,4540,72,no,561320.6,92,167
Global_Corp,NA,RVP_NA_2,Dir_RVP_NA_2_2,Mgr_Dir_RVP_NA_2_2_1,IC_Mgr_Dir_RVP_NA_2_2_1_5,273295.83,292589.0,389585.24,432866.98,53,64,82,54,18,29,24,31,88437.14,False,True,True,True,557647.57,243487.25,137917.88,316,4012,187,no,1388337.05,253,102
Global_Corp,NA,RVP_NA_2,Dir_RVP_NA_2_2,Mgr_Dir_RVP_NA_2_2_1,IC_Mgr_Dir_RVP_NA_2_2_1_6,484450.23,452979.37,321881.71,743068.56,132,118,78,115,9,15,20,14,120238.55,False,True,True,True,1458873.07,186747.9,162628.91,182,1479,163,no,2002379.87,443,58
Global_Corp,NA,RVP_NA_2,Dir_RVP_NA_2_2,Mgr_Dir_RVP_NA_2_2_2,IC_Mgr_Dir_RVP_NA_2_2_2_1,481579.75,533626.97,415619.76,580981.36,78,71,88,153,10,9,12,10,104856.52,True,True,True,True,1081861.19,192088.94,198748.8,371,3713,20,no,2011807.84,390,41
Global_Corp,NA,RVP_NA_2,Dir_RVP_NA_2_2,Mgr_Dir_RVP_NA_2_2_2,IC_Mgr_Dir_RVP_NA_2_2_2_2,0.0,0.0,311340.45,491031.84,0,0,57,114,22,22,31,18,196363.12,False,False,False,False,361727.73,153256.11,56656.73,365,3080,26,no,802372.29,171,93
Global_Corp,NA,RVP_NA_2,Dir_RVP_NA_2_2,Mgr_Dir_RVP_NA_2_2_2,IC_Mgr_Dir_RVP_NA_2_2_2_3,0.0,0.0,136731.01,126262.59,0,0,33,22,45,52,52,58,382087.12,False,False,False,False,126691.31,48738.64,10455.8,437,4903,91,no,262993.6,55,207
Global_Corp,NA,RVP_NA_2,Dir_RVP_NA_2_2,Mgr_Dir_RVP_NA_2_2_2,IC_Mgr_Dir_RVP_NA_2_2_2_4,268861.97,145209.54,270059.44,233164.21,45,26,63,65,31,25,27,37,328614.32,True,True,True,True,656338.92,150985.1,103740.12,330,4371,196,no,917295.16,199,120
Global_Corp,NA,RVP_NA_2,Dir_RVP_NA_2_2,Mgr_Dir_RVP_NA_2_2_2,IC_Mgr_Dir_RVP_NA_2_2_2_5,351733.68,211798.31,359995.97,466314.7,51,29,59,109,24,25,33,31,200662.34,True,True,True,True,528426.36,117611.06,138370.66,108,2995,141,no,1389842.65,248,113
Global_Corp,NA,RVP_NA_2,Dir_RVP_NA_2_2,Mgr_Dir_RVP_NA_2_2_2,IC_Mgr_Dir_RVP_NA_2_2_2_6,344657.05,319441.98,476234.19,440390.8,70,73,63,79,10,20,23,24,150696.75,True,True,True,True,909683.24,318851.75,102343.87,129,1249,0,no,1580724.03,285,77
Global_Corp,NA,RVP_NA_2,Dir_RVP_NA_2_2,Mgr_Dir_RVP_NA_2_2_2,IC_Mgr_Dir_RVP_NA_2_2_2_7,166037.13,126071.47,90853.32,151754.85,20,16,22,28,61,28,37,63,355844.5,True,True,True,True,442292.39,109604.31,51848.64,352,4735,164,no,534716.78,86,189
Global_Corp,NA,RVP_NA_2,Dir_RVP_NA_2_2,Mgr_Dir_RVP_NA_2_2_3,IC_Mgr_Dir_RVP_NA_2_2_3_1,0.0,0.0,0.0,0.0,0,0,0,0,0,0,0,0,0.0,False,False,False,False,124067.06,15500.49,9062.62,192,2476,64,yes,0.0,0,0
Global_Corp,NA,RVP_NA_2,Dir_RVP_NA_2_2,Mgr_Dir_RVP_NA_2_2_3,IC_Mgr_Dir_RVP_NA_2_2_3_2,0.0,0.0,0.0,0.0,0,0,0,0,0,0,0,0,0.0,False,False,False,False,97698.91,29914.59,20013.43,465,1691,33,yes,0.0,0,0
Global_Corp,NA,RVP_NA_2,Dir_RVP_NA_2_2,Mgr_Dir_RVP_NA_2_2_3,IC_Mgr_Dir_RVP_NA_2_2_3_3,166741.13,247850.29,194311.37,325411.54,31,57,30,83,44,29,35,45,376310.74,True,True,True,True,751331.61,188766.76,119007.72,348,1158,25,no,934314.33,201,153
Global_Corp,NA,RVP_NA_2,Dir_RVP_NA_2_2,Mgr_Dir_RVP_NA_2_2_3,IC_Mgr_Dir_RVP_NA_2_2_3_4,144080.5,107999.53,135332.18,257859.84,32,27,18,58,49,57,24,47,333224.07,True,True,True,True,465064.3,102734.47,91941.84,441,2048,46,no,645272.05,135,177
Global_Corp,NA,RVP_NA_2,Dir_RVP_NA_2_2,Mgr_Dir_RVP_NA_2_2_3,IC_Mgr_Dir_RVP_NA_2_2_3_5,333294.27,511207.81,260029.9,641954.19,52,66,63,121,15,12,19,15,166729.27,True,True,True,True,950811.54,337286.11,69241.74,478,534,53,no,1746486.17,302,61
Global_Corp,NA,RVP_NA_2,Dir_RVP_NA_2_2,Mgr_Dir_RVP_NA_2_2_3,IC_Mgr_Dir_RVP_NA_2_2_3_6,0.0,0.0,0.0,230398.6,0,0,0,58,39,43,35,24,420806.16,False,False,False,False,131297.65,31626.46,33838.41,492,1789,159,yes,230398.6,58,141
Global_Corp,EMEA,RVP_EMEA_1,Dir_RVP_EMEA_1_1,Mgr_Dir_RVP_EMEA_1_1_1,IC_Mgr_Dir_RVP_EMEA_1_1_1_1,202381.32,249338.62,181634.16,246769.3,53,34,26,52,55,44,36,47,121992.66,True,True,True,True,567162.42,150123.54,41505.06,158,1796,187,no,880123.4,165,182
Global_Corp,EMEA,RVP_EMEA_1,Dir_RVP_EMEA_1_1,Mgr_Dir_RVP_EMEA_1_1_1,IC_Mgr_Dir_RVP_EMEA_1_1_1_2,97195.34,91827.26,110065.02,125020.35,19,12,24,28,71,33,29,72,244287.36,True,True,True,True,231591.21,36815.53,28256.19,144,1733,33,no,424107.96,83,205
Global_Corp,EMEA,RVP_EMEA_1,Dir_RVP_EMEA_1_1,Mgr_Dir_RVP_EMEA_1_1_1,IC_Mgr_Dir_RVP_EMEA_1_1_1_3,128002.07,165468.48,146167.09,141676.61,31,43,31,29,33,63,34,43,392819.04,True,True,True,True,485410.91,61976.54,79522.86,409,1027,184,no,581314.26,134,173
Global_Corp,EMEA,RVP_EMEA_1,Dir_RVP_EMEA_1_1,Mgr_Dir_RVP_EMEA_1_1_1,IC_Mgr_Dir_RVP_EMEA_1_1_1_4,254503.03,402782.24,309595.02,333267.59,35,78,63,84,14,25,17,32,188253.9,False,True,True,True,1015160.22,182699.92,128945.1,122,988,93,no,1300147.88,260,88
Global_Corp,EMEA,RVP_EMEA_1,Dir_RVP_EMEA_1_1,Mgr_Dir_RVP_EMEA_1_1_1,IC_Mgr_Dir_RVP_EMEA_1_1_1_5,0.0,0.0,0.0,374148.92,0,0,0,60,50,24,43,24,218884.95,False,False,False,False,314044.13,60377.44,28632.35,64,1080,18,yes,374148.92,60,141
Global_Corp,EMEA,RVP_EMEA_1,Dir_RVP_EMEA_1_1,Mgr_Dir_RVP_EMEA_1_1_1,IC_Mgr_Dir_RVP_EMEA_1_1_1_6,383942.26,204923.66,263947.58,353998.64,107,56,71,54,34,27,23,30,196100.3,True,True,True,True,903813.48,94385.93,142374.76,116,3537,186,no,1206812.15,288,114
Global_Corp,EMEA,RVP_EMEA_1,Dir_RVP_EMEA_1_1,Mgr_Dir_RVP_EMEA_1_1_1,IC_Mgr_Dir_RVP_EMEA_1_1_1_7,145186.01,108439.8,144972.76,127120.98,35,28,20,16,25,53,53,57,454061.43,True,True,True,True,263631.3,88014.18,16992.45,106,758,5,no,525719.54,99,188
Global_Corp,EMEA,RVP_EMEA_1,Dir_RVP_EMEA_1_1,Mgr_Dir_RVP_EMEA_1_1_2,IC_Mgr_Dir_RVP_EMEA_1_1_2_1,204894.7,178249.82,205975.69,311141.17,43,27,29,58,42,42,44,38,156922.78,False,True,True,True,745424.84,120269.68,106581.23,366,3387,180,no,900261.37,157,166
Global_Corp,EMEA,RVP_EMEA_1,Dir_RVP_EMEA_1_1,Mgr_Dir_RVP_EMEA_1_1_2,IC_Mgr_Dir_RVP_EMEA_1_1_2_2,482196.58,429058.17,465662.9,626636.08,94,85,71,116,14,21,21,18,91010.73,True,True,True,True,1500828.75,312889.94,197778.79,134,3839,126,no,2003553.73,366,74
Global_Corp,EMEA,RVP_EMEA_1,Dir_RVP_EMEA_1_1,Mgr_Dir_RVP_EMEA_1_1_2,IC_Mgr_Dir_RVP_EMEA_1_1_2_3,289394.08,246008.41,248332.5,354051.84,68,40,60,84,26,18,37,37,61089.05,True,True,True,True,776813.75,217148.56,87674.08,36,2247,88,no,1137786.84,252,118
Global_Corp,EMEA,RVP_EMEA_1,Dir_RVP_EMEA_1_1,Mgr_Dir_RVP_EMEA_1_1_2,IC_Mgr_Dir_RVP_EMEA_1_1_2_4,203650.19,172794.05,158816.07,311772.69,36,25,26,61,32,35,32,37,66481.6,True,True,True,False,545111.34,79595.48,93588.49,44,803,117,no,847033.01,148,136
Global_Corp,EMEA,RVP_EMEA_1,Dir_RVP_EMEA_1_1,Mgr_Dir_RVP_EMEA_1_1_2,IC_Mgr_Dir_RVP_EMEA_1_1_2_5,254252.97,247914.36,218339.61,306328.2,45,38,58,42,33,20,51,39,141557.52,False,False,False,True,841021.99,202365.62,111019.57,315,2857,20,no,1026835.15,183,143
Global_Corp,EMEA,RVP_EMEA_1,Dir_RVP_EMEA_1_1,Mgr_Dir_RVP_EMEA_1_1_2,IC_Mgr_Dir_RVP_EMEA_1_1_2_6,174722.83,247123.07,227864.37,299309.78,47,52,30,69,33,32,31,51,257161.9,False,True,True,True,671325.7,211735.92,129819.2,152,3434,44,no,949020.05,198,147
Global_Corp,EMEA,RVP_EMEA_1,Dir_RVP_EMEA_1_2,Mgr_Dir_RVP_EMEA_1_2_1,IC_Mgr_Dir_RVP_EMEA_1_2_1_1,461289.31,370197.73,411142.29,537747.52,59,59,98,137,10,17,15,12,69407.71,True,True,True,True,1085116.49,289454.9,205471.13,419,1512,123,no,1780376.85,353,54
Global_Corp,EMEA,RVP_EMEA_1,Dir_RVP_EMEA_1_2,Mgr_Dir_RVP_EMEA_1_2_1,IC_Mgr_Dir_RVP_EMEA_1_2_1_2,484933.07,492433.4,416972.08,445230.37,91,137,101,70,13,9,9,7,144859.71,True,True,True,True,1063695.46,210846.06,121885.97,71,3634,193,no,1839568.92,399,38
Global_Corp,EMEA,RVP_EMEA_1,Dir_RVP_EMEA_1_2,Mgr_Dir_RVP_EMEA_1_2_1,IC_Mgr_Dir_RVP_EMEA_1_2_1_3,463884.34,372995.22,375797.97,608326.09,115,99,71,132,9,15,8,19,31741.5,True,True,False,True,993371.79,261777.68,224989.8,206,2020,128,no,1821003.63,417,51
Global_Corp,EMEA,RVP_EMEA_1,Dir_RVP_EMEA_1_2,Mgr_Dir_RVP_EMEA_1_2_1,IC_Mgr_Dir_RVP_EMEA_1_2_1_4,0.0,0.0,0.0,0.0,0,0,0,0,0,0,0,0,0.0,False,False,False,False,108274.85,32188.18,23391.55,394,619,98,yes,0.0,0,0
Global_Corp,EMEA,RVP_EMEA_1,Dir_RVP_EMEA_1_2,Mgr_Dir_RVP_EMEA_1_2_1,IC_Mgr_Dir_RVP_EMEA_1_2_1_5,441515.95,287355.94,443593.29,511251.99,62,35,106,117,25,18,18,23,47857.48,False,False,True,True,773805.29,261970.9,184131.0,424,2072,48,no,1683717.18,320,84
Global_Corp,EMEA,RVP_EMEA_1,Dir_RVP_EMEA_1_2,Mgr_Dir_RVP_EMEA_1_2_1,IC_Mgr_Dir_RVP_EMEA_1_2_1_6,325071.83,256067.11,301494.84,264819.95,74,38,75,57,35,19,45,16,57367.56,True,True,True,True,456348.63,172063.0,95563.66,464,1792,131,no,1147453.73,244,115
Global_Corp,EMEA,RVP_EMEA_1,Dir_RVP_EMEA_1_2,Mgr_Dir_RVP_EMEA_1_2_1,IC_Mgr_Dir_RVP_EMEA_1_2_1_7,277846.02,271593.67,281908.07,299137.41,50,48,63,73,39,39,40,26,393742.97,True,True,True,True,447770.57,215357.5,99965.26,211,3294,162,no,1130485.18,234,144
Global_Corp,EMEA,RVP_EMEA_1,Dir_RVP_EMEA_1_2,Mgr_Dir_RVP_EMEA_1_2_2,IC_Mgr_Dir_RVP_EMEA_1_2_2_1,355307.59,302682.57,366531.41,490431.62,68,51,92,112,8,6,9,15,28514.62,False,True,True,True,619257.22,173273.94,62002.35,300,3104,22,no,1514953.19,323,38
Global_Corp,EMEA,RVP_EMEA_1,Dir_RVP_EMEA_1_2,Mgr_Dir_RVP_EMEA_1_2_2,IC_Mgr_Dir_RVP_EMEA_1_2_2_2,380505.09,416253.85,414083.46,450803.58,48,81,78,100,19,17,13,10,223216.1,True,True,True,True,1300684.56,271079.78,114654.33,215,705,41,no,1661645.98,307,59
Global_Corp,EMEA,RVP_EMEA_1,Dir_RVP_EMEA_1_2,Mgr_Dir_RVP_EMEA_1_2_2,IC_Mgr_Dir_RVP_EMEA_1_2_2_3,163344.48,211002.72,150241.68,345998.2,40,52,25,74,50,53,33,47,134883.87,True,True,True,True,494400.28,148002.53,84318.39,173,1742,17,no,870587.08,191,183
Global_Corp,EMEA,RVP_EMEA_1,Dir_RVP_EMEA_1_2,Mgr_Dir_RVP_EMEA_1_2_2,IC_Mgr_Dir_RVP_EMEA_1_2_2_4,216345.57,302983.94,363984.38,486790.12,27,48,93,127,30,23,36,14,266360.04,False,True,True,True,760909.62,255312.83,154234.92,361,1722,135,no,1370104.0,295,103
Global_Corp,EMEA,RVP_EMEA_1,Dir_RVP_EMEA_1_2,Mgr_Dir_RVP_EMEA_1_2_2,IC_Mgr_Dir_RVP_EMEA_1_2_2_5,0.0,0.0,0.0,0.0,0,0,0,0,0,0,0,0,0.0,False,False,False,False,145053.27,23400.47,12034.19,115,718,179,yes,0.0,0,0
Global_Corp,EMEA,RVP_EMEA_1,Dir_RVP_EMEA_1_2,Mgr_Dir_RVP_EMEA_1_2_2,IC_Mgr_Dir_RVP_EMEA_1_2_2_6,477589.53,372802.19,493962.73,510435.62,100,46,115,128,6,15,8,9,26715.69,False,True,True,True,797894.29,142089.89,185749.72,268,318,47,no,1854790.07,389,38
Global_Corp,APAC,RVP_APAC_1,Dir_RVP_APAC_1_1,Mgr_Dir_RVP_APAC_1_1_1,IC_Mgr_Dir_RVP_APAC_1_1_1_1,213346.23,212375.81,164411.29,238842.41,30,58,27,44,45,54,43,38,174040.75,True,True,True,True,338518.28,96251.81,117202.98,498,3029,0,no,828975.74,159,180
Global_Corp,APAC,RVP_APAC_1,Dir_RVP_APAC_1_1,Mgr_Dir_RVP_APAC_1_1_1,IC_Mgr_Dir_RVP_APAC_1_1_1_2,295292.16,259810.36,240072.46,243671.57,38,58,55,32,25,35,26,31,152193.59,True,True,True,True,760312.51,184334.75,99669.94,303,3966,0,no,1038846.54,183,117
Global_Corp,APAC,RVP_APAC_1,Dir_RVP_APAC_1_1,Mgr_Dir_RVP_APAC_1_1_1,IC_Mgr_Dir_RVP_APAC_1_1_1_3,259979.41,196367.0,194212.74,422611.24,43,26,23,58,25,30,25,18,183449.75,True,False,False,False,687439.17,145064.72,134952.1,296,2696,0,no,1073170.39,150,98
Global_Corp,APAC,RVP_APAC_1,Dir_RVP_APAC_1_1,Mgr_Dir_RVP_APAC_1_1_1,IC_Mgr_Dir_RVP_APAC_1_1_1_4,391595.74,416431.26,464815.61,512466.71,55,105,64,126,11,12,13,19,200335.2,True,True,True,True,1138096.85,237604.01,136360.53,121,3785,0,no,1785309.32,350,55
Global_Corp,APAC,RVP_APAC_1,Dir_RVP_APAC_1_1,Mgr_Dir_RVP_APAC_1_1_2,IC_Mgr_Dir_RVP_APAC_1_1_2_1,272802.24,443339.69,420076.65,360799.26,42,58,69,45,25,10,14,18,136084.91,True,True,True,True,595411.22,294211.65,185165.24,255,3720,0,no,1497017.83,214,67
Global_Corp,APAC,RVP_APAC_1,Dir_RVP_APAC_1_1,Mgr_Dir_RVP_APAC_1_1_2,IC_Mgr_Dir_RVP_APAC_1_1_2_2,389534.51,454435.37,394076.66,426015.48,90,121,106,93,24,12,9,14,54292.25,True,False,True,True,1390828.19,160114.17,229081.07,346,3401,150,no,1664062.01,410,59
Global_Corp,APAC,RVP_APAC_1,Dir_RVP_APAC_1_1,Mgr_Dir_RVP_APAC_1_1_2,IC_Mgr_Dir_RVP_APAC_1_1_2_3,206325.78,321407.41,290391.87,285311.3,53,58,67,54,13,15,37,29,130976.23,True,True,True,True,447830.12,113935.65,61367.14,182,4677,0,no,1103436.36,232,94
Global_Corp,APAC,RVP_APAC_1,Dir_RVP_APAC_1_1,Mgr_Dir_RVP_APAC_1_1_2,IC_Mgr_Dir_RVP_APAC_1_1_2_4,248725.27,247313.97,314375.49,240152.63,46,39,39,46,17,40,18,30,208706.8,True,True,True,True,746410.23,133945.41,136977.33,345,3087,18,no,1050567.36,170,105
Global_Corp,APAC,RVP_APAC_1,Dir_RVP_APAC_1_1,Mgr_Dir_RVP_APAC_1_1_2,IC_Mgr_Dir_RVP_APAC_1_1_2_5,0.0,0.0,0.0,0.0,0,0,0,0,0,0,0,0,0.0,False,False,False,False,146968.6,41725.09,22256.57,71,2620,146,yes,0.0,0,0
Global_Corp,APAC,RVP_APAC_1,Dir_RVP_APAC_1_1,Mgr_Dir_RVP_APAC_1_1_2,IC_Mgr_Dir_RVP_APAC_1_1_2_6,379639.54,239350.08,391613.85,276393.53,101,39,70,69,11,15,18,21,134406.14,True,False,True,True,738843.24,154335.02,182346.58,452,1879,65,no,1286997.0,279,65
Global_Corp,APAC,RVP_APAC_1,Dir_RVP_APAC_1_1,Mgr_Dir_RVP_APAC_1_1_3,IC_Mgr_Dir_RVP_APAC_1_1_3_1,237894.6,271715.75,320758.08,407657.74,35,42,44,97,35,28,32,16,68172.63,False,False,True,True,600272.95,107964.47,136786.42,392,1051,168,no,1238026.16,218,111
Global_Corp,APAC,RVP_APAC_1,Dir_RVP_APAC_1_1,Mgr_Dir_RVP_APAC_1_1_3,IC_Mgr_Dir_RVP_APAC_1_1_3_2,0.0,0.0,442972.94,576212.89,0,0,116,96,13,13,9,14,128520.83,False,False,False,False,542928.26,129318.8,101520.26,167,2077,170,no,1019185.83,212,49
Global_Corp,APAC,RVP_APAC_1,Dir_RVP_APAC_1_1,Mgr_Dir_RVP_APAC_1_1_3,IC_Mgr_Dir_RVP_APAC_1_1_3_3,113765.85,187378.82,136254.76,253535.37,29,26,31,66,53,43,50,26,429760.65,True,True,True,True,333526.66,63339.07,18083.82,375,4862,61,no,690934.79,152,172
Global_Corp,APAC,RVP_APAC_1,Dir_RVP_APAC_1_1,Mgr_Dir_RVP_APAC_1_1_3,IC_Mgr_Dir_RVP_APAC_1_1_3_4,505361.21,376961.71,289329.52,417885.76,113,55,57,107,17,19,14,15,33300.82,False,True,True,True,1351454.56,331192.09,146167.11,238,4443,8,no,1589538.19,332,65
Global_Corp,APAC,RVP_APAC_1,Dir_RVP_APAC_1_1,Mgr_Dir_RVP_APAC_1_1_3,IC_Mgr_Dir_RVP_APAC_1_1_3_5,346350.97,361086.92,246341.31,534492.37,56,46,51,126,36,19,36,21,269249.41,True,True,True,True,1079940.63,248196.66,87388.85,481,3085,0,no,1488271.57,279,112
Global_Corp,APAC,RVP_APAC_1,Dir_RVP_APAC_1_1,Mgr_Dir_RVP_APAC_1_1_3,IC_Mgr_Dir_RVP_APAC_1_1_3_6,0.0,0.0,0.0,203792.91,0,0,0,52,31,24,42,37,375303.34,False,False,False,True,128134.85,17510.31,18720.25,288,1968,43,no,203792.91,52,134
Global_Corp,APAC,RVP_APAC_1,Dir_RVP_APAC_1_2,Mgr_Dir_RVP_APAC_1_2_1,IC_Mgr_Dir_RVP_APAC_1_2_1_1,440069.52,342938.28,341112.43,451876.31,76,88,41,81,7,8,13,7,80700.42,True,True,True,True,1209719.4,215491.29,73730.06,377,3919,7,no,1575996.54,286,35
Global_Corp,APAC,RVP_APAC_1,Dir_RVP_APAC_1_2,Mgr_Dir_RVP_APAC_1_2_1,IC_Mgr_Dir_RVP_APAC_1_2_1_2,133003.04,175417.42,146318.34,374391.26,34,31,36,88,24,33,25,41,97895.01,True,True,True,True,366382.85,175147.26,93481.37,256,2853,83,no,829130.06,189,123
Global_Corp,APAC,RVP_APAC_1,Dir_RVP_APAC_1_2,Mgr_Dir_RVP_APAC_1_2_1,IC_Mgr_Dir_RVP_APAC_1_2_1_3,501776.14,450887.63,464556.48,510974.73,123,65,101,98,13,18,12,15,26549.13,True,True,True,True,1057586.68,181494.43,122821.16,347,2294,135,no,1928194.98,387,58
Global_Corp,APAC,RVP_APAC_1,Dir_RVP_APAC_1_2,Mgr_Dir_RVP_APAC_1_2_1,IC_Mgr_Dir_RVP_APAC_1_2_1_4,0.0,0.0,0.0,0.0,0,0,0,0,0,0,0,0,0.0,False,False,False,False,123891.04,17774.98,21576.15,419,1140,47,yes,0.0,0,0
Global_Corp,APAC,RVP_APAC_1,Dir_RVP_APAC_1_2,Mgr_Dir_RVP_APAC_1_2_1,IC_Mgr_Dir_RVP_APAC_1_2_1_5,0.0,0.0,0.0,0.0,0,0,0,0,0,0,0,0,0.0,False,False,False,False,172590.91,41173.97,19058.68,345,928,196,yes,0.0,0,0
Global_Corp,APAC,RVP_APAC_1,Dir_RVP_APAC_1_2,Mgr_Dir_RVP_APAC_1_2_1,IC_Mgr_Dir_RVP_APAC_1_2_1_6,327728.7,232735.3,302366.61,406577.45,68,47,62,68,21,18,21,15,219838.51,False,True,True,True,533924.4,237563.91,184143.56,50,867,176,no,1269408.06,245,75
Global_Corp,APAC,RVP_APAC_1,Dir_RVP_APAC_1_2,Mgr_Dir_RVP_APAC_1_2_2,IC_Mgr_Dir_RVP_APAC_1_2_2_1,299179.99,325624.53,464420.55,406547.0,39,91,97,66,18,23,12,17,211028.34,False,True,True,True,693020.58,131087.72,208584.87,493,3986,76,no,1495772.06,293,70
Global_Corp,APAC,RVP_APAC_1,Dir_RVP_APAC_1_2,Mgr_Dir_RVP_APAC_1_2_2,IC_Mgr_Dir_RVP_APAC_1_2_2_2,173049.02,162785.86,97493.32,155483.77,36,27,16,40,59,52,51,47,98794.9,False,True,True,True,348700.18,121626.18,53461.18,163,4116,62,no,588811.96,119,209
Global_Corp,APAC,RVP_APAC_1,Dir_RVP_APAC_1_2,Mgr_Dir_RVP_APAC_1_2_2,IC_Mgr_Dir_RVP_APAC_1_2_2_3,293644.18,369660.22,313220.93,310844.6,77,80,56,71,24,23,17,26,217191.77,True,True,True,True,527440.1,107289.86,148190.94,437,3973,89,no,1287369.94,284,90
Global_Corp,APAC,RVP_APAC_1,Dir_RVP_APAC_1_2,Mgr_Dir_RVP_APAC_1_2_2,IC_Mgr_Dir_RVP_APAC_1_2_2_4,0.0,0.0,201402.58,429135.07,0,0,30,114,33,21,40,24,54477.67,False,False,False,False,236729.1,99293.62,74612.07,336,1982,0,no,630537.66,144,118
Global_Corp,APAC,RVP_APAC_1,Dir_RVP_APAC_1_2,Mgr_Dir_RVP_APAC_1_2_2,IC_Mgr_Dir_RVP_APAC_1_2_2_5,0.0,0.0,0.0,0.0,0,0,0,0,0,0,0,0,0.0,False,False,False,False,77671.68,31972.15,16706.45,450,2918,0,yes,0.0,0,0
Global_Corp,APAC,RVP_APAC_1,Dir_RVP_APAC_1_3,Mgr_Dir_RVP_APAC_1_3_1,IC_Mgr_Dir_RVP_APAC_1_3_1_1,128082.11,135116.66,101554.96,173093.05,17,25,18,32,59,60,31,40,359751.58,True,True,True,True,215090.38,67708.35,64494.52,268,1528,70,no,537846.79,92,190
Global_Corp,APAC,RVP_APAC_1,Dir_RVP_APAC_1_3,Mgr_Dir_RVP_APAC_1_3_1,IC_Mgr_Dir_RVP_APAC_1_3_1_2,235402.03,238561.66,296696.01,311204.67,31,32,45,41,37,18,22,28,329544.19,False,True,True,True,852982.74,176453.29,36232.92,220,1424,49,no,1081864.37,149,105
Global_Corp,APAC,RVP_APAC_1,Dir_RVP_APAC_1_3,Mgr_Dir_RVP_APAC_1_3_1,IC_Mgr_Dir_RVP_APAC_1_3_1_3,211048.3,266899.36,191206.96,171741.23,52,54,43,33,51,45,24,35,103646.67,True,True,True,True,468826.04,147544.32,86334.41,442,522,144,no,840895.86,182,155
Global_Corp,APAC,RVP_APAC_1,Dir_RVP_APAC_1_3,Mgr_Dir_RVP_APAC_1_3_1,IC_Mgr_Dir_RVP_APAC_1_3_1_4,124493.73,129296.51,161479.49,235138.19,23,19,43,53,34,33,44,29,209196.02,False,True,True,False,340226.6,130035.23,73309.05,409,538,144,no,650407.93,138,140
Global_Corp,APAC,RVP_APAC_1,Dir_RVP_APAC_1_3,Mgr_Dir_RVP_APAC_1_3_1,IC_Mgr_Dir_RVP_APAC_1_3_1_5,209090.36,241525.91,228975.09,264948.88,56,29,50,57,50,19,47,19,463440.12,True,True,True,True,559044.06,97104.53,40975.84,103,2582,197,no,944540.25,192,135
Global_Corp,APAC,RVP_APAC_1,Dir_RVP_APAC_1_3,Mgr_Dir_RVP_APAC_1_3_1,IC_Mgr_Dir_RVP_APAC_1_3_1_6,0.0,0.0,0.0,0.0,0,0,0,0,0,0,0,0,0.0,False,False,False,False,120869.6,23852.82,14152.48,221,2336,106,yes,0.0,0,0
Global_Corp,APAC,RVP_APAC_1,Dir_RVP_APAC_1_3,Mgr_Dir_RVP_APAC_1_3_1,IC_Mgr_Dir_RVP_APAC_1_3_1_7,177003.55,274036.32,206351.02,455437.54,38,60,37,125,33,15,23,25,262856.71,False,True,True,True,739721.91,113660.11,64705.04,457,507,61,no,1112828.43,260,96
Global_Corp,APAC,RVP_APAC_1,Dir_RVP_APAC_1_3,Mgr_Dir_RVP_APAC_1_3_2,IC_Mgr_Dir_RVP_APAC_1_3_2_1,0.0,0.0,160842.3,259236.9,0,0,42,53,37,52,51,52,164954.5,False,False,False,False,177264.0,69611.81,11801.36,446,4578,175,no,420079.2,95,192
Global_Corp,APAC,RVP_APAC_1,Dir_RVP_APAC_1_3,Mgr_Dir_RVP_APAC_1_3_2,IC_Mgr_Dir_RVP_APAC_1_3_2_2,150288.43,131586.07,165503.28,173035.19,30,17,43,44,57,39,26,45,313613.48,True,True,True,False,242261.05,107737.07,91201.01,284,1162,0,no,620412.97,134,167
Global_Corp,APAC,RVP_APAC_1,Dir_RVP_APAC_1_3,Mgr_Dir_RVP_APAC_1_3_2,IC_Mgr_Dir_RVP_APAC_1_3_2_3,131363.61,96472.36,115907.38,170496.58,30,19,15,38,68,24,58,34,561462.6,True,True,True,True,379258.35,80804.93,24094.03,329,379,54,no,514239.94,102,184
Global_Corp,APAC,RVP_APAC_1,Dir_RVP_APAC_1_3,Mgr_Dir_RVP_APAC_1_3_2,IC_Mgr_Dir_RVP_APAC_1_3_2_4,0.0,0.0,0.0,0.0,0,0,0,0,0,0,0,0,0.0,False,False,False,False,79552.89,16291.09,20155.89,438,4022,68,yes,0.0,0,0
Global_Corp,APAC,RVP_APAC_1,Dir_RVP_APAC_1_3,Mgr_Dir_RVP_APAC_1_3_3,IC_Mgr_Dir_RVP_APAC_1_3_3_1,359574.16,449699.68,249507.79,476249.86,72,72,30,131,22,23,16,8,109663.69,False,True,True,True,1017978.76,119369.05,128089.55,414,3559,83,no,1535031.48,305,69
Global_Corp,APAC,RVP_APAC_1,Dir_RVP_APAC_1_3,Mgr_Dir_RVP_APAC_1_3_3,IC_Mgr_Dir_RVP_APAC_1_3_3_2,0.0,0.0,0.0,0.0,0,0,0,0,0,0,0,0,0.0,False,False,False,False,80480.48,25283.46,6512.25,257,307,103,yes,0.0,0,0
Global_Corp,APAC,RVP_APAC_1,Dir_RVP_APAC_1_3,Mgr_Dir_RVP_APAC_1_3_3,IC_Mgr_Dir_RVP_APAC_1_3_3_3,356515.33,317763.58,214206.46,351215.27,55,39,49,59,25,26,23,25,125201.21,True,True,True,True,1065393.39,178331.07,170900.96,57,1132,189,no,1239700.64,202,99
Global_Corp,APAC,RVP_APAC_1,Dir_RVP_APAC_1_3,Mgr_Dir_RVP_APAC_1_3_3,IC_Mgr_Dir_RVP_APAC_1_3_3_4,134783.82,102830.11,86976.86,111943.5,32,17,13,30,55,51,29,32,407485.17,True,True,True,True,221075.18,65280.98,59377.2,294,513,29,no,436534.3,92,167
Global_Corp,APAC,RVP_APAC_1,Dir_RVP_APAC_1_3,Mgr_Dir_RVP_APAC_1_3_4,IC_Mgr_Dir_RVP_APAC_1_3_4_1,142007.94,151158.21,272480.81,380887.7,36,28,48,89,39,51,20,24,208160.92,False,True,True,True,457520.37,188171.84,91876.28,164,773,165,no,946534.67,201,134
Global_Corp,APAC,RVP_APAC_1,Dir_RVP_APAC_1_3,Mgr_Dir_RVP_APAC_1_3_4,IC_Mgr_Dir_RVP_APAC_1_3_4_2,92587.89,116061.96,91788.88,91759.75,24,19,15,23,37,33,31,37,188770.51,False,True,True,True,233530.28,38256.07,21500.95,403,488,143,no,392198.48,81,138
Global_Corp,APAC,RVP_APAC_1,Dir_RVP_APAC_1_3,Mgr_Dir_RVP_APAC_1_3_4,IC_Mgr_Dir_RVP_APAC_1_3_4_3,301777.5,284328.57,360503.64,329422.08,74,34,98,72,33,15,31,17,145834.26,False,True,True,True,568736.67,207171.61,109210.45,438,2917,48,no,1276031.78,278,96
Global_Corp,APAC,RVP_APAC_1,Dir_RVP_APAC_1_3,Mgr_Dir_RVP_APAC_1_3_4,IC_Mgr_Dir_RVP_APAC_1_3_4_4,0.0,0.0,0.0,610187.99,0,0,0,121,9,18,11,21,148172.33,False,False,False,True,445703.77,79501.76,73945.47,85,4209,111,no,610187.99,121,59
Global_Corp,APAC,RVP_APAC_1,Dir_RVP_APAC_1_3,Mgr_Dir_RVP_APAC_1_3_4,IC_Mgr_Dir_RVP_APAC_1_3_4_5,0.0,0.0,0.0,182087.78,0,0,0,28,27,65,39,57,485804.97,False,False,False,False,85766.21,36411.26,17326.78,78,1418,49,no,182087.78,28,188
