Region,fiscal_quarter,q_target,depth,level,node_id,parent,is_leaf,cascaded_quota,base_quota,hedge_buffer,overassignment_pct,share_of_parent
NA,1,25000000.0,0,Global,Global_Corp,,False,25000000.0,25000000.0,0.0,0.0,1.0
NA,1,25000000.0,1,Region,NA,Global_Corp,False,25000000.0,25000000.0,0.0,0.0,1.0
NA,1,25000000.0,2,RVP,RVP_NA_1,NA,False,15285338.72,15285338.72,0.0,0.0,0.611414
NA,1,25000000.0,2,RVP,RVP_NA_2,NA,False,9714661.28,9714661.28,0.0,0.0,0.388586
NA,1,25000000.0,3,Director,Dir_RVP_NA_1_1,RVP_NA_1,False,5690101.81,5690101.81,0.0,0.0,0.372259
NA,1,25000000.0,3,Director,Dir_RVP_NA_1_2,RVP_NA_1,False,4904109.21,4904109.21,0.0,0.0,0.320837
NA,1,25000000.0,3,Director,Dir_RVP_NA_1_3,RVP_NA_1,False,4691127.7,4691127.7,0.0,0.0,0.306904
NA,1,25000000.0,3,Director,Dir_RVP_NA_2_1,RVP_NA_2,False,4453025.02,4453025.02,0.0,0.0,0.458382
NA,1,25000000.0,3,Director,Dir_RVP_NA_2_2,RVP_NA_2,False,5261636.26,5261636.26,0.0,0.0,0.541618
NA,1,25000000.0,4,Manager,Mgr_Dir_RVP_NA_1_1_1,Dir_RVP_NA_1_1,False,1612655.89,1535862.75,76793.14,0.05,0.269918
NA,1,25000000.0,4,Manager,Mgr_Dir_RVP_NA_1_1_2,Dir_RVP_NA_1_1,False,1444324.91,1375547.53,68777.38,0.05,0.241744
NA,1,25000000.0,4,Manager,Mgr_Dir_RVP_NA_1_1_3,Dir_RVP_NA_1_1,False,1694332.77,1613650.26,80682.51,0.05,0.283589
NA,1,25000000.0,4,Manager,Mgr_Dir_RVP_NA_1_1_4,Dir_RVP_NA_1_1,False,1223293.33,1165041.27,58252.06,0.05,0.204749
NA,1,25000000.0,4,Manager,Mgr_Dir_RVP_NA_1_2_1,Dir_RVP_NA_1_2,False,1445631.32,1376791.74,68839.59,0.05,0.280742
NA,1,25000000.0,4,Manager,Mgr_Dir_RVP_NA_1_2_2,Dir_RVP_NA_1_2,False,1105828.96,1053170.44,52658.52,0.05,0.214753
NA,1,25000000.0,4,Manager,Mgr_Dir_RVP_NA_1_2_3,Dir_RVP_NA_1_2,False,1456424.57,1387071.02,69353.55,0.05,0.282839
NA,1,25000000.0,4,Manager,Mgr_Dir_RVP_NA_1_2_4,Dir_RVP_NA_1_2,False,1141429.82,1087076.02,54353.8,0.05,0.221666
NA,1,25000000.0,4,Manager,Mgr_Dir_RVP_NA_1_3_1,Dir_RVP_NA_1_3,False,2445897.25,2329425.96,116471.3,0.05,0.49656
NA,1,25000000.0,4,Manager,Mgr_Dir_RVP_NA_1_3_2,Dir_RVP_NA_1_3,False,2479786.83,2361701.74,118085.09,0.05,0.50344
NA,1,25000000.0,4,Manager,Mgr_Dir_RVP_NA_2_1_1,Dir_RVP_NA_2_1,False,1371822.63,1306497.74,65324.89,0.05,0.293396
NA,1,25000000.0,4,Manager,Mgr_Dir_RVP_NA_2_1_2,Dir_RVP_NA_2_1,False,1475213.74,1404965.47,70248.27,0.05,0.315508
NA,1,25000000.0,4,Manager,Mgr_Dir_RVP_NA_2_1_3,Dir_RVP_NA_2_1,False,1828639.91,1741561.82,87078.09,0.05,0.391096
NA,1,25000000.0,4,Manager,Mgr_Dir_RVP_NA_2_2_1,Dir_RVP_NA_2_2,False,1872816.37,1783634.64,89181.73,0.05,0.338989
NA,1,25000000.0,4,Manager,Mgr_Dir_RVP_NA_2_2_2,Dir_RVP_NA_2_2,False,2243249.64,2136428.23,106821.41,0.05,0.406039
NA,1,25000000.0,4,Manager,Mgr_Dir_RVP_NA_2_2_3,Dir_RVP_NA_2_2,False,1408652.06,1341573.39,67078.67,0.05,0.254973
NA,1,25000000.0,5,IC,IC_Mgr_Dir_RVP_NA_1_1_1_1,Mgr_Dir_RVP_NA_1_1_1,True,172428.29,149288.57,23139.73,0.155,0.097202
NA,1,25000000.0,5,IC,IC_Mgr_Dir_RVP_NA_1_1_1_2,Mgr_Dir_RVP_NA_1_1_1,True,212400.63,183896.65,28503.98,0.155,0.119735
NA,1,25000000.0,5,IC,IC_Mgr_Dir_RVP_NA_1_1_1_3,Mgr_Dir_RVP_NA_1_1_1,True,230449.33,199523.23,30926.1,0.155,0.12991
NA,1,25000000.0,5,IC,IC_Mgr_Dir_RVP_NA_1_1_1_4,Mgr_Dir_RVP_NA_1_1_1,True,287660.31,249056.54,38603.76,0.155,0.162161
NA,1,25000000.0,5,IC,IC_Mgr_Dir_RVP_NA_1_1_1_5,Mgr_Dir_RVP_NA_1_1_1,True,189761.9,164296.02,25465.88,0.155,0.106973
NA,1,25000000.0,5,IC,IC_Mgr_Dir_RVP_NA_1_1_1_6,Mgr_Dir_RVP_NA_1_1_1,True,233858.69,202475.06,31383.63,0.155,0.131831
NA,1,25000000.0,5,IC,IC_Mgr_Dir_RVP_NA_1_1_1_7,Mgr_Dir_RVP_NA_1_1_1,True,447362.32,387326.69,60035.64,0.155,0.252188
NA,1,25000000.0,5,IC,IC_Mgr_Dir_RVP_NA_1_1_2_1,Mgr_Dir_RVP_NA_1_1_2,True,531651.37,460304.22,71347.15,0.155,0.334633
NA,1,25000000.0,5,IC,IC_Mgr_Dir_RVP_NA_1_1_2_2,Mgr_Dir_RVP_NA_1_1_2,True,347622.84,300972.15,46650.68,0.155,0.218802
NA,1,25000000.0,5,IC,IC_Mgr_Dir_RVP_NA_1_1_2_3,Mgr_Dir_RVP_NA_1_1_2,True,296835.88,257000.76,39835.12,0.155,0.186835
NA,1,25000000.0,5,IC,IC_Mgr_Dir_RVP_NA_1_1_2_4,Mgr_Dir_RVP_NA_1_1_2,True,412647.31,357270.4,55376.91,0.155,0.25973
NA,1,25000000.0,5,IC,IC_Mgr_Dir_RVP_NA_1_1_3_1,Mgr_Dir_RVP_NA_1_1_3,True,439419.23,380449.55,58969.68,0.155,0.23577
NA,1,25000000.0,5,IC,IC_Mgr_Dir_RVP_NA_1_1_3_2,Mgr_Dir_RVP_NA_1_1_3,True,245996.88,212984.31,33012.57,0.155,0.131989
NA,1,25000000.0,5,IC,IC_Mgr_Dir_RVP_NA_1_1_3_3,Mgr_Dir_RVP_NA_1_1_3,True,296897.82,257054.39,39843.43,0.155,0.1593
NA,1,25000000.0,5,IC,IC_Mgr_Dir_RVP_NA_1_1_3_4,Mgr_Dir_RVP_NA_1_1_3,True,168303.02,145716.9,22586.12,0.155,0.090303
NA,1,25000000.0,5,IC,IC_Mgr_Dir_RVP_NA_1_1_3_5,Mgr_Dir_RVP_NA_1_1_3,True,287870.15,249238.23,38631.92,0.155,0.154456
NA,1,25000000.0,5,IC,IC_Mgr_Dir_RVP_NA_1_1_3_6,Mgr_Dir_RVP_NA_1_1_3,True,425278.95,368206.88,57072.07,0.155,0.228183
NA,1,25000000.0,5,IC,IC_Mgr_Dir_RVP_NA_1_1_4_1,Mgr_Dir_RVP_NA_1_1_4,True,393628.62,340804.0,52824.62,0.155,0.292525
NA,1,25000000.0,5,IC,IC_Mgr_Dir_RVP_NA_1_1_4_2,Mgr_Dir_RVP_NA_1_1_4,True,353868.56,306379.7,47488.85,0.155,0.262978
NA,1,25000000.0,5,IC,IC_Mgr_Dir_RVP_NA_1_1_4_3,Mgr_Dir_RVP_NA_1_1_4,True,158517.23,137244.35,21272.87,0.155,0.117802
NA,1,25000000.0,5,IC,IC_Mgr_Dir_RVP_NA_1_1_4_4,Mgr_Dir_RVP_NA_1_1_4,True,269689.06,233497.02,36192.04,0.155,0.20042
NA,1,25000000.0,5,IC,IC_Mgr_Dir_RVP_NA_1_1_4_5,Mgr_Dir_RVP_NA_1_1_4,True,169919.2,147116.19,22803.01,0.155,0.126276
NA,1,25000000.0,5,IC,IC_Mgr_Dir_RVP_NA_1_2_1_1,Mgr_Dir_RVP_NA_1_2_1,True,195893.14,169604.45,26288.69,0.155,0.123188
NA,1,25000000.0,5,IC,IC_Mgr_Dir_RVP_NA_1_2_1_2,Mgr_Dir_RVP_NA_1_2_1,True,227170.64,196684.53,30486.1,0.155,0.142857
NA,1,25000000.0,5,IC,IC_Mgr_Dir_RVP_NA_1_2_1_3,Mgr_Dir_RVP_NA_1_2_1,True,113681.98,98425.96,15256.02,0.155,0.071489
NA,1,25000000.0,5,IC,IC_Mgr_Dir_RVP_NA_1_2_1_4,Mgr_Dir_RVP_NA_1_2_1,True,341375.05,295562.81,45812.24,0.155,0.214675
NA,1,25000000.0,5,IC,IC_Mgr_Dir_RVP_NA_1_2_1_5,Mgr_Dir_RVP_NA_1_2_1,True,221409.66,191696.68,29712.98,0.155,0.139234
NA,1,25000000.0,5,IC,IC_Mgr_Dir_RVP_NA_1_2_1_6,Mgr_Dir_RVP_NA_1_2_1,True,208168.55,180232.51,27936.04,0.155,0.130908
NA,1,25000000.0,5,IC,IC_Mgr_Dir_RVP_NA_1_2_1_7,Mgr_Dir_RVP_NA_1_2_1,True,282495.44,244584.8,37910.64,0.155,0.177648
NA,1,25000000.0,5,IC,IC_Mgr_Dir_RVP_NA_1_2_2_1,Mgr_Dir_RVP_NA_1_2_2,True,173773.12,150452.92,23320.2,0.155,0.142857
NA,1,25000000.0,5,IC,IC_Mgr_Dir_RVP_NA_1_2_2_2,Mgr_Dir_RVP_NA_1_2_2,True,120134.99,104012.98,16122.01,0.155,0.098762
NA,1,25000000.0,5,IC,IC_Mgr_Dir_RVP_NA_1_2_2_3,Mgr_Dir_RVP_NA_1_2_2,True,115430.1,99939.48,15490.62,0.155,0.094894
NA,1,25000000.0,5,IC,IC_Mgr_Dir_RVP_NA_1_2_2_4,Mgr_Dir_RVP_NA_1_2_2,True,131025.17,113441.71,17583.46,0.155,0.107714
NA,1,25000000.0,5,IC,IC_Mgr_Dir_RVP_NA_1_2_2_5,Mgr_Dir_RVP_NA_1_2_2,True,222992.93,193067.47,29925.46,0.155,0.18332
NA,1,25000000.0,5,IC,IC_Mgr_Dir_RVP_NA_1_2_2_6,Mgr_Dir_RVP_NA_1_2_2,True,279282.42,241802.96,37479.46,0.155,0.229595
NA,1,25000000.0,5,IC,IC_Mgr_Dir_RVP_NA_1_2_2_7,Mgr_Dir_RVP_NA_1_2_2,True,173773.12,150452.92,23320.2,0.155,0.142857
NA,1,25000000.0,5,IC,IC_Mgr_Dir_RVP_NA_1_2_3_1,Mgr_Dir_RVP_NA_1_2_3,True,228866.72,198153.0,30713.72,0.155,0.142857
NA,1,25000000.0,5,IC,IC_Mgr_Dir_RVP_NA_1_2_3_2,Mgr_Dir_RVP_NA_1_2_3,True,325256.6,281607.45,43649.15,0.155,0.203023
NA,1,25000000.0,5,IC,IC_Mgr_Dir_RVP_NA_1_2_3_3,Mgr_Dir_RVP_NA_1_2_3,True,317579.55,274960.65,42618.9,0.155,0.198231
NA,1,25000000.0,5,IC,IC_Mgr_Dir_RVP_NA_1_2_3_4,Mgr_Dir_RVP_NA_1_2_3,True,309191.16,267697.97,41493.19,0.155,0.192995
NA,1,25000000.0,5,IC,IC_Mgr_Dir_RVP_NA_1_2_3_5,Mgr_Dir_RVP_NA_1_2_3,True,154936.1,134143.81,20792.29,0.155,0.09671
NA,1,25000000.0,5,IC,IC_Mgr_Dir_RVP_NA_1_2_3_6,Mgr_Dir_RVP_NA_1_2_3,True,146900.13,127186.26,19713.87,0.155,0.091694
NA,1,25000000.0,5,IC,IC_Mgr_Dir_RVP_NA_1_2_3_7,Mgr_Dir_RVP_NA_1_2_3,True,119336.77,103321.88,16014.89,0.155,0.074489
NA,1,25000000.0,5,IC,IC_Mgr_Dir_RVP_NA_1_2_4_1,Mgr_Dir_RVP_NA_1_2_4,True,243236.67,210594.52,32642.15,0.155,0.193726
NA,1,25000000.0,5,IC,IC_Mgr_Dir_RVP_NA_1_2_4_2,Mgr_Dir_RVP_NA_1_2_4,True,304970.33,264043.58,40926.75,0.155,0.242893
NA,1,25000000.0,5,IC,IC_Mgr_Dir_RVP_NA_1_2_4_3,Mgr_Dir_RVP_NA_1_2_4,True,264736.59,229209.17,35527.42,0.155,0.210849
NA,1,25000000.0,5,IC,IC_Mgr_Dir_RVP_NA_1_2_4_4,Mgr_Dir_RVP_NA_1_2_4,True,201204.93,174203.4,27001.53,0.155,0.16025
NA,1,25000000.0,5,IC,IC_Mgr_Dir_RVP_NA_1_2_4_5,Mgr_Dir_RVP_NA_1_2_4,True,241424.29,209025.36,32398.93,0.155,0.192282
NA,1,25000000.0,5,IC,IC_Mgr_Dir_RVP_NA_1_3_1_1,Mgr_Dir_RVP_NA_1_3_1,True,639962.26,554079.88,85882.38,0.155,0.237861
NA,1,25000000.0,5,IC,IC_Mgr_Dir_RVP_NA_1_3_1_2,Mgr_Dir_RVP_NA_1_3_1,True,296988.65,257133.03,39855.62,0.155,0.110385
NA,1,25000000.0,5,IC,IC_Mgr_Dir_RVP_NA_1_3_1_3,Mgr_Dir_RVP_NA_1_3_1,True,548273.62,474695.78,73577.85,0.155,0.203782
NA,1,25000000.0,5,IC,IC_Mgr_Dir_RVP_NA_1_3_1_4,Mgr_Dir_RVP_NA_1_3_1,True,221979.84,192190.34,29789.5,0.155,0.082505
NA,1,25000000.0,5,IC,IC_Mgr_Dir_RVP_NA_1_3_1_5,Mgr_Dir_RVP_NA_1_3_1,True,432333.14,374314.41,58018.73,0.155,0.16069
NA,1,25000000.0,5,IC,IC_Mgr_Dir_RVP_NA_1_3_1_6,Mgr_Dir_RVP_NA_1_3_1,True,316366.94,273910.77,42456.17,0.155,0.117587
NA,1,25000000.0,5,IC,IC_Mgr_Dir_RVP_NA_1_3_1_7,Mgr_Dir_RVP_NA_1_3_1,True,234582.52,203101.75,31480.77,0.155,0.08719
NA,1,25000000.0,5,IC,IC_Mgr_Dir_RVP_NA_1_3_2_1,Mgr_Dir_RVP_NA_1_3_2,True,487231.14,421845.14,65386.0,0.155,0.178619
NA,1,25000000.0,5,IC,IC_Mgr_Dir_RVP_NA_1_3_2_2,Mgr_Dir_RVP_NA_1_3_2,True,389680.79,337385.96,52294.82,0.155,0.142857
NA,1,25000000.0,5,IC,IC_Mgr_Dir_RVP_NA_1_3_2_3,Mgr_Dir_RVP_NA_1_3_2,True,275010.44,238104.27,36906.16,0.155,0.100819
NA,1,25000000.0,5,IC,IC_Mgr_Dir_RVP_NA_1_3_2_4,Mgr_Dir_RVP_NA_1_3_2,True,525551.89,455023.29,70528.61,0.155,0.192668
NA,1,25000000.0,5,IC,IC_Mgr_Dir_RVP_NA_1_3_2_5,Mgr_Dir_RVP_NA_1_3_2,True,419044.42,362809.02,56235.4,0.155,0.153622
NA,1,25000000.0,5,IC,IC_Mgr_Dir_RVP_NA_1_3_2_6,Mgr_Dir_RVP_NA_1_3_2,True,209496.19,181381.98,28114.21,0.155,0.076801
NA,1,25000000.0,5,IC,IC_Mgr_Dir_RVP_NA_1_3_2_7,Mgr_Dir_RVP_NA_1_3_2,True,421750.65,365152.08,56598.57,0.155,0.154614
NA,1,25000000.0,5,IC,IC_Mgr_Dir_RVP_NA_2_1_1_1,Mgr_Dir_RVP_NA_2_1_1,True,377251.22,326624.43,50626.79,0.155,0.25
NA,1,25000000.0,5,IC,IC_Mgr_Dir_RVP_NA_2_1_1_2,Mgr_Dir_RVP_NA_2_1_1,True,476604.47,412644.56,63959.91,0.155,0.31584
NA,1,25000000.0,5,IC,IC_Mgr_Dir_RVP_NA_2_1_1_3,Mgr_Dir_RVP_NA_2_1_1,True,457328.45,395955.36,61373.08,0.155,0.303066
NA,1,25000000.0,5,IC,IC_Mgr_Dir_RVP_NA_2_1_1_4,Mgr_Dir_RVP_NA_2_1_1,True,197820.75,171273.38,26547.37,0.155,0.131094
NA,1,25000000.0,5,IC,IC_Mgr_Dir_RVP_NA_2_1_2_1,Mgr_Dir_RVP_NA_2_1_2,True,420982.2,364486.76,56495.45,0.155,0.259428
NA,1,25000000.0,5,IC,IC_Mgr_Dir_RVP_NA_2_1_2_2,Mgr_Dir_RVP_NA_2_1_2,True,324547.02,280993.09,43553.93,0.155,0.2
NA,1,25000000.0,5,IC,IC_Mgr_Dir_RVP_NA_2_1_2_3,Mgr_Dir_RVP_NA_2_1_2,True,464256.66,401953.82,62302.84,0.155,0.286095
NA,1,25000000.0,5,IC,IC_Mgr_Dir_RVP_NA_2_1_2_4,Mgr_Dir_RVP_NA_2_1_2,True,153118.96,132570.53,20548.43,0.155,0.094359
NA,1,25000000.0,5,IC,IC_Mgr_Dir_RVP_NA_2_1_2_5,Mgr_Dir_RVP_NA_2_1_2,True,259830.27,224961.27,34869.0,0.155,0.160119
NA,1,25000000.0,5,IC,IC_Mgr_Dir_RVP_NA_2_1_3_1,Mgr_Dir_RVP_NA_2_1_3,True,287357.7,248794.55,38563.15,0.155,0.142857
NA,1,25000000.0,5,IC,IC_Mgr_Dir_RVP_NA_2_1_3_2,Mgr_Dir_RVP_NA_2_1_3,True,286859.93,248363.57,38496.35,0.155,0.14261
NA,1,25000000.0,5,IC,IC_Mgr_Dir_RVP_NA_2_1_3_3,Mgr_Dir_RVP_NA_2_1_3,True,218998.38,189608.99,29389.39,0.155,0.108873
NA,1,25000000.0,5,IC,IC_Mgr_Dir_RVP_NA_2_1_3_4,Mgr_Dir_RVP_NA_2_1_3,True,402550.48,348528.55,54021.93,0.155,0.200124
NA,1,25000000.0,5,IC,IC_Mgr_Dir_RVP_NA_2_1_3_5,Mgr_Dir_RVP_NA_2_1_3,True,287357.7,248794.55,38563.15,0.155,0.142857
NA,1,25000000.0,5,IC,IC_Mgr_Dir_RVP_NA_2_1_3_6,Mgr_Dir_RVP_NA_2_1_3,True,241022.01,208677.07,32344.95,0.155,0.119822
NA,1,25000000.0,5,IC,IC_Mgr_Dir_RVP_NA_2_1_3_7,Mgr_Dir_RVP_NA_2_1_3,True,287357.7,248794.55,38563.15,0.155,0.142857
NA,1,25000000.0,5,IC,IC_Mgr_Dir_RVP_NA_2_2_1_1,Mgr_Dir_RVP_NA_2_2_1,True,312263.51,270358.02,41905.49,0.155,0.151577
NA,1,25000000.0,5,IC,IC_Mgr_Dir_RVP_NA_2_2_1_2,Mgr_Dir_RVP_NA_2_2_1,True,343349.67,297272.44,46077.23,0.155,0.166667
NA,1,25000000.0,5,IC,IC_Mgr_Dir_RVP_NA_2_2_1_3,Mgr_Dir_RVP_NA_2_2_1,True,340446.83,294759.16,45687.67,0.155,0.165258
NA,1,25000000.0,5,IC,IC_Mgr_Dir_RVP_NA_2_2_1_4,Mgr_Dir_RVP_NA_2_2_1,True,184041.8,159343.55,24698.25,0.155,0.089336
NA,1,25000000.0,5,IC,IC_Mgr_Dir_RVP_NA_2_2_1_5,Mgr_Dir_RVP_NA_2_2_1,True,358017.32,309971.71,48045.61,0.155,0.173787
NA,1,25000000.0,5,IC,IC_Mgr_Dir_RVP_NA_2_2_1_6,Mgr_Dir_RVP_NA_2_2_1,True,521978.89,451929.77,70049.11,0.155,0.253376
NA,1,25000000.0,5,IC,IC_Mgr_Dir_RVP_NA_2_2_2_1,Mgr_Dir_RVP_NA_2_2_2,True,591131.65,511802.29,79329.36,0.155,0.23956
NA,1,25000000.0,5,IC,IC_Mgr_Dir_RVP_NA_2_2_2_2,Mgr_Dir_RVP_NA_2_2_2,True,366744.21,317527.45,49216.76,0.155,0.148625
NA,1,25000000.0,5,IC,IC_Mgr_Dir_RVP_NA_2_2_2_3,Mgr_Dir_RVP_NA_2_2_2,True,127152.41,110088.66,17063.74,0.155,0.051529
NA,1,25000000.0,5,IC,IC_Mgr_Dir_RVP_NA_2_2_2_4,Mgr_Dir_RVP_NA_2_2_2,True,320524.28,277510.2,43014.08,0.155,0.129894
NA,1,25000000.0,5,IC,IC_Mgr_Dir_RVP_NA_2_2_2_5,Mgr_Dir_RVP_NA_2_2_2,True,393839.35,340986.45,52852.9,0.155,0.159606
NA,1,25000000.0,5,IC,IC_Mgr_Dir_RVP_NA_2_2_2_6,Mgr_Dir_RVP_NA_2_2_2,True,449691.06,389342.91,60348.15,0.155,0.18224
NA,1,25000000.0,5,IC,IC_Mgr_Dir_RVP_NA_2_2_2_7,Mgr_Dir_RVP_NA_2_2_2,True,218491.65,189170.26,29321.39,0.155,0.088545
NA,1,25000000.0,5,IC,IC_Mgr_Dir_RVP_NA_2_2_3_1,Mgr_Dir_RVP_NA_2_2_3,True,258252.88,223595.56,34657.31,0.155,0.166667
NA,1,25000000.0,5,IC,IC_Mgr_Dir_RVP_NA_2_2_3_2,Mgr_Dir_RVP_NA_2_2_3,True,258252.88,223595.56,34657.31,0.155,0.166667
NA,1,25000000.0,5,IC,IC_Mgr_Dir_RVP_NA_2_2_3_3,Mgr_Dir_RVP_NA_2_2_3,True,248794.05,215406.11,33387.95,0.155,0.160562
NA,1,25000000.0,5,IC,IC_Mgr_Dir_RVP_NA_2_2_3_4,Mgr_Dir_RVP_NA_2_2_3,True,198803.68,172124.4,26679.28,0.155,0.1283
NA,1,25000000.0,5,IC,IC_Mgr_Dir_RVP_NA_2_2_3_5,Mgr_Dir_RVP_NA_2_2_3,True,393915.96,341052.78,52863.18,0.155,0.254219
NA,1,25000000.0,5,IC,IC_Mgr_Dir_RVP_NA_2_2_3_6,Mgr_Dir_RVP_NA_2_2_3,True,191497.81,165798.97,25698.84,0.155,0.123585
NA,2,27500000.0,0,Global,Global_Corp,,False,27500000.0,27500000.0,0.0,0.0,1.0
NA,2,27500000.0,1,Region,NA,Global_Corp,False,27500000.0,27500000.0,0.0,0.0,1.0
NA,2,27500000.0,2,RVP,RVP_NA_1,NA,False,16813872.59,16813872.59,0.0,0.0,0.611414
NA,2,27500000.0,2,RVP,RVP_NA_2,NA,False,10686127.41,10686127.41,0.0,0.0,0.388586
NA,2,27500000.0,3,Director,Dir_RVP_NA_1_1,RVP_NA_1,False,6259111.99,6259111.99,0.0,0.0,0.372259
NA,2,27500000.0,3,Director,Dir_RVP_NA_1_2,RVP_NA_1,False,5394520.13,5394520.13,0.0,0.0,0.320837
NA,2,27500000.0,3,Director,Dir_RVP_NA_1_3,RVP_NA_1,False,5160240.47,5160240.47,0.0,0.0,0.306904
NA,2,27500000.0,3,Director,Dir_RVP_NA_2_1,RVP_NA_2,False,4898327.53,4898327.53,0.0,0.0,0.458382
NA,2,27500000.0,3,Director,Dir_RVP_NA_2_2,RVP_NA_2,False,5787799.88,5787799.88,0.0,0.0,0.541618
NA,2,27500000.0,4,Manager,Mgr_Dir_RVP_NA_1_1_1,Dir_RVP_NA_1_1,False,1773921.48,1689449.03,84472.45,0.05,0.269918
NA,2,27500000.0,4,Manager,Mgr_Dir_RVP_NA_1_1_2,Dir_RVP_NA_1_1,False,1588757.4,1513102.28,75655.11,0.05,0.241744
NA,2,27500000.0,4,Manager,Mgr_Dir_RVP_NA_1_1_3,Dir_RVP_NA_1_1,False,1863766.05,1775015.29,88750.76,0.05,0.283589
NA,2,27500000.0,4,Manager,Mgr_Dir_RVP_NA_1_1_4,Dir_RVP_NA_1_1,False,1345622.67,1281545.4,64077.27,0.05,0.204749
NA,2,27500000.0,4,Manager,Mgr_Dir_RVP_NA_1_2_1,Dir_RVP_NA_1_2,False,1590194.45,1514470.91,75723.55,0.05,0.280742
NA,2,27500000.0,4,Manager,Mgr_Dir_RVP_NA_1_2_2,Dir_RVP_NA_1_2,False,1216411.85,1158487.48,57924.37,0.05,0.214753
NA,2,27500000.0,4,Manager,Mgr_Dir_RVP_NA_1_2_3,Dir_RVP_NA_1_2,False,1602067.02,1525778.12,76288.91,0.05,0.282839
NA,2,27500000.0,4,Manager,Mgr_Dir_RVP_NA_1_2_4,Dir_RVP_NA_1_2,False,1255572.81,1195783.62,59789.18,0.05,0.221666
NA,2,27500000.0,4,Manager,Mgr_Dir_RVP_NA_1_3_1,Dir_RVP_NA_1_3,False,2690486.98,2562368.55,128118.43,0.05,0.49656
NA,2,27500000.0,4,Manager,Mgr_Dir_RVP_NA_1_3_2,Dir_RVP_NA_1_3,False,2727765.51,2597871.92,129893.6,0.05,0.50344
NA,2,27500000.0,4,Manager,Mgr_Dir_RVP_NA_2_1_1,Dir_RVP_NA_2_1,False,1509004.89,1437147.51,71857.38,0.05,0.293396
NA,2,27500000.0,4,Manager,Mgr_Dir_RVP_NA_2_1_2,Dir_RVP_NA_2_1,False,1622735.11,1545462.01,77273.1,0.05,0.315508
NA,2,27500000.0,4,Manager,Mgr_Dir_RVP_NA_2_1_3,Dir_RVP_NA_2_1,False,2011503.9,1915718.0,95785.9,0.05,0.391096
NA,2,27500000.0,4,Manager,Mgr_Dir_RVP_NA_2_2_1,Dir_RVP_NA_2_2,False,2060098.01,1961998.1,98099.91,0.05,0.338989
NA,2,27500000.0,4,Manager,Mgr_Dir_RVP_NA_2_2_2,Dir_RVP_NA_2_2,False,2467574.61,2350071.05,117503.55,0.05,0.406039
NA,2,27500000.0,4,Manager,Mgr_Dir_RVP_NA_2_2_3,Dir_RVP_NA_2_2,False,1549517.26,1475730.73,73786.54,0.05,0.254973
NA,2,27500000.0,5,IC,IC_Mgr_Dir_RVP_NA_1_1_1_1,Mgr_Dir_RVP_NA_1_1_1,True,189671.12,164217.42,25453.7,0.155,0.097202
NA,2,27500000.0,5,IC,IC_Mgr_Dir_RVP_NA_1_1_1_2,Mgr_Dir_RVP_NA_1_1_1,True,233640.69,202286.31,31354.38,0.155,0.119735
NA,2,27500000.0,5,IC,IC_Mgr_Dir_RVP_NA_1_1_1_3,Mgr_Dir_RVP_NA_1_1_1,True,253494.27,219475.56,34018.71,0.155,0.12991
NA,2,27500000.0,5,IC,IC_Mgr_Dir_RVP_NA_1_1_1_4,Mgr_Dir_RVP_NA_1_1_1,True,316426.34,273962.2,42464.14,0.155,0.162161
NA,2,27500000.0,5,IC,IC_Mgr_Dir_RVP_NA_1_1_1_5,Mgr_Dir_RVP_NA_1_1_1,True,208738.09,180725.62,28012.47,0.155,0.106973
NA,2,27500000.0,5,IC,IC_Mgr_Dir_RVP_NA_1_1_1_6,Mgr_Dir_RVP_NA_1_1_1,True,257244.56,222722.56,34522.0,0.155,0.131831
NA,2,27500000.0,5,IC,IC_Mgr_Dir_RVP_NA_1_1_1_7,Mgr_Dir_RVP_NA_1_1_1,True,492098.56,426059.36,66039.2,0.155,0.252188
NA,2,27500000.0,5,IC,IC_Mgr_Dir_RVP_NA_1_1_2_1,Mgr_Dir_RVP_NA_1_1_2,True,584816.51,506334.64,78481.87,0.155,0.334633
NA,2,27500000.0,5,IC,IC_Mgr_Dir_RVP_NA_1_1_2_2,Mgr_Dir_RVP_NA_1_1_2,True,382385.12,331069.37,51315.75,0.155,0.218802
NA,2,27500000.0,5,IC,IC_Mgr_Dir_RVP_NA_1_1_2_3,Mgr_Dir_RVP_NA_1_1_2,True,326519.47,282700.84,43818.63,0.155,0.186835
NA,2,27500000.0,5,IC,IC_Mgr_Dir_RVP_NA_1_1_2_4,Mgr_Dir_RVP_NA_1_1_2,True,453912.04,392997.44,60914.6,0.155,0.25973
NA,2,27500000.0,5,IC,IC_Mgr_Dir_RVP_NA_1_1_3_1,Mgr_Dir_RVP_NA_1_1_3,True,483361.16,418494.51,64866.65,0.155,0.23577
NA,2,27500000.0,5,IC,IC_Mgr_Dir_RVP_NA_1_1_3_2,Mgr_Dir_RVP_NA_1_1_3,True,270596.57,234282.74,36313.82,0.155,0.131989
NA,2,27500000.0,5,IC,IC_Mgr_Dir_RVP_NA_1_1_3_3,Mgr_Dir_RVP_NA_1_1_3,True,326587.6,282759.83,43827.77,0.155,0.1593
NA,2,27500000.0,5,IC,IC_Mgr_Dir_RVP_NA_1_1_3_4,Mgr_Dir_RVP_NA_1_1_3,True,185133.32,160288.59,24844.73,0.155,0.090303
NA,2,27500000.0,5,IC,IC_Mgr_Dir_RVP_NA_1_1_3_5,Mgr_Dir_RVP_NA_1_1_3,True,316657.17,274162.05,42495.12,0.155,0.154456
NA,2,27500000.0,5,IC,IC_Mgr_Dir_RVP_NA_1_1_3_6,Mgr_Dir_RVP_NA_1_1_3,True,467806.85,405027.57,62779.27,0.155,0.228183
NA,2,27500000.0,5,IC,IC_Mgr_Dir_RVP_NA_1_1_4_1,Mgr_Dir_RVP_NA_1_1_4,True,432991.48,374884.4,58107.08,0.155,0.292525
NA,2,27500000.0,5,IC,IC_Mgr_Dir_RVP_NA_1_1_4_2,Mgr_Dir_RVP_NA_1_1_4,True,389255.41,337017.67,52237.74,0.155,0.262978
NA,2,27500000.0,5,IC,IC_Mgr_Dir_RVP_NA_1_1_4_3,Mgr_Dir_RVP_NA_1_1_4,True,174368.95,150968.79,23400.16,0.155,0.117802
NA,2,27500000.0,5,IC,IC_Mgr_Dir_RVP_NA_1_1_4_4,Mgr_Dir_RVP_NA_1_1_4,True,296657.97,256846.73,39811.24,0.155,0.20042
NA,2,27500000.0,5,IC,IC_Mgr_Dir_RVP_NA_1_1_4_5,Mgr_Dir_RVP_NA_1_1_4,True,186911.12,161827.81,25083.31,0.155,0.126276
NA,2,27500000.0,5,IC,IC_Mgr_Dir_RVP_NA_1_2_1_1,Mgr_Dir_RVP_NA_1_2_1,True,215482.46,186564.9,28917.56,0.155,0.123188
NA,2,27500000.0,5,IC,IC_Mgr_Dir_RVP_NA_1_2_1_2,Mgr_Dir_RVP_NA_1_2_1,True,249887.7,216352.99,33534.71,0.155,0.142857
NA,2,27500000.0,5,IC,IC_Mgr_Dir_RVP_NA_1_2_1_3,Mgr_Dir_RVP_NA_1_2_1,True,125050.18,108268.55,16781.63,0.155,0.071489
NA,2,27500000.0,5,IC,IC_Mgr_Dir_RVP_NA_1_2_1_4,Mgr_Dir_RVP_NA_1_2_1,True,375512.55,325119.09,50393.46,0.155,0.214675
NA,2,27500000.0,5,IC,IC_Mgr_Dir_RVP_NA_1_2_1_5,Mgr_Dir_RVP_NA_1_2_1,True,243550.63,210866.34,32684.28,0.155,0.139234
NA,2,27500000.0,5,IC,IC_Mgr_Dir_RVP_NA_1_2_1_6,Mgr_Dir_RVP_NA_1_2_1,True,228985.4,198255.76,30729.64,0.155,0.130908
NA,2,27500000.0,5,IC,IC_Mgr_Dir_RVP_NA_1_2_1_7,Mgr_Dir_RVP_NA_1_2_1,True,310744.99,269043.28,41701.71,0.155,0.177648
NA,2,27500000.0,5,IC,IC_Mgr_Dir_RVP_NA_1_2_2_1,Mgr_Dir_RVP_NA_1_2_2,True,191150.43,165498.21,25652.22,0.155,0.142857
NA,2,27500000.0,5,IC,IC_Mgr_Dir_RVP_NA_1_2_2_2,Mgr_Dir_RVP_NA_1_2_2,True,132148.49,114414.28,17734.21,0.155,0.098762
NA,2,27500000.0,5,IC,IC_Mgr_Dir_RVP_NA_1_2_2_3,Mgr_Dir_RVP_NA_1_2_2,True,126973.11,109933.43,17039.68,0.155,0.094894
NA,2,27500000.0,5,IC,IC_Mgr_Dir_RVP_NA_1_2_2_4,Mgr_Dir_RVP_NA_1_2_2,True,144127.69,124785.88,19341.81,0.155,0.107714
NA,2,27500000.0,5,IC,IC_Mgr_Dir_RVP_NA_1_2_2_5,Mgr_Dir_RVP_NA_1_2_2,True,245292.22,212374.21,32918.0,0.155,0.18332
NA,2,27500000.0,5,IC,IC_Mgr_Dir_RVP_NA_1_2_2_6,Mgr_Dir_RVP_NA_1_2_2,True,307210.67,265983.26,41227.41,0.155,0.229595
NA,2,27500000.0,5,IC,IC_Mgr_Dir_RVP_NA_1_2_2_7,Mgr_Dir_RVP_NA_1_2_2,True,191150.43,165498.21,25652.22,0.155,0.142857
NA,2,27500000.0,5,IC,IC_Mgr_Dir_RVP_NA_1_2_3_1,Mgr_Dir_RVP_NA_1_2_3,True,251753.39,217968.3,33785.09,0.155,0.142857
NA,2,27500000.0,5,IC,IC_Mgr_Dir_RVP_NA_1_2_3_2,Mgr_Dir_RVP_NA_1_2_3,True,357782.26,309768.19,48014.07,0.155,0.203023
NA,2,27500000.0,5,IC,IC_Mgr_Dir_RVP_NA_1_2_3_3,Mgr_Dir_RVP_NA_1_2_3,True,349337.5,302456.71,46880.79,0.155,0.198231
NA,2,27500000.0,5,IC,IC_Mgr_Dir_RVP_NA_1_2_3_4,Mgr_Dir_RVP_NA_1_2_3,True,340110.27,294467.77,45642.5,0.155,0.192995
NA,2,27500000.0,5,IC,IC_Mgr_Dir_RVP_NA_1_2_3_5,Mgr_Dir_RVP_NA_1_2_3,True,170429.72,147558.19,22871.52,0.155,0.09671
NA,2,27500000.0,5,IC,IC_Mgr_Dir_RVP_NA_1_2_3_6,Mgr_Dir_RVP_NA_1_2_3,True,161590.14,139904.88,21685.26,0.155,0.091694
NA,2,27500000.0,5,IC,IC_Mgr_Dir_RVP_NA_1_2_3_7,Mgr_Dir_RVP_NA_1_2_3,True,131270.44,113654.06,17616.38,0.155,0.074489
NA,2,27500000.0,5,IC,IC_Mgr_Dir_RVP_NA_1_2_4_1,Mgr_Dir_RVP_NA_1_2_4,True,267560.33,231653.97,35906.37,0.155,0.193726
NA,2,27500000.0,5,IC,IC_Mgr_Dir_RVP_NA_1_2_4_2,Mgr_Dir_RVP_NA_1_2_4,True,335467.36,290447.93,45019.43,0.155,0.242893
NA,2,27500000.0,5,IC,IC_Mgr_Dir_RVP_NA_1_2_4_3,Mgr_Dir_RVP_NA_1_2_4,True,291210.24,252130.08,39080.16,0.155,0.210849
NA,2,27500000.0,5,IC,IC_Mgr_Dir_RVP_NA_1_2_4_4,Mgr_Dir_RVP_NA_1_2_4,True,221325.42,191623.74,29701.68,0.155,0.16025
NA,2,27500000.0,5,IC,IC_Mgr_Dir_RVP_NA_1_2_4_5,Mgr_Dir_RVP_NA_1_2_4,True,265566.72,229927.89,35638.82,0.155,0.192282
NA,2,27500000.0,5,IC,IC_Mgr_Dir_RVP_NA_1_3_1_1,Mgr_Dir_RVP_NA_1_3_1,True,703958.48,609487.87,94470.62,0.155,0.237861
NA,2,27500000.0,5,IC,IC_Mgr_Dir_RVP_NA_1_3_1_2,Mgr_Dir_RVP_NA_1_3_1,True,326687.51,282846.33,43841.18,0.155,0.110385
NA,2,27500000.0,5,IC,IC_Mgr_Dir_RVP_NA_1_3_1_3,Mgr_Dir_RVP_NA_1_3_1,True,603100.99,522165.36,80935.63,0.155,0.203782
NA,2,27500000.0,5,IC,IC_Mgr_Dir_RVP_NA_1_3_1_4,Mgr_Dir_RVP_NA_1_3_1,True,244177.83,211409.37,32768.45,0.155,0.082505
NA,2,27500000.0,5,IC,IC_Mgr_Dir_RVP_NA_1_3_1_5,Mgr_Dir_RVP_NA_1_3_1,True,475566.46,411745.85,63820.61,0.155,0.16069
NA,2,27500000.0,5,IC,IC_Mgr_Dir_RVP_NA_1_3_1_6,Mgr_Dir_RVP_NA_1_3_1,True,348003.64,301301.85,46701.79,0.155,0.117587
NA,2,27500000.0,5,IC,IC_Mgr_Dir_RVP_NA_1_3_1_7,Mgr_Dir_RVP_NA_1_3_1,True,258040.78,223411.93,34628.85,0.155,0.08719
NA,2,27500000.0,5,IC,IC_Mgr_Dir_RVP_NA_1_3_2_1,Mgr_Dir_RVP_NA_1_3_2,True,535954.26,464029.66,71924.6,0.155,0.178619
NA,2,27500000.0,5,IC,IC_Mgr_Dir_RVP_NA_1_3_2_2,Mgr_Dir_RVP_NA_1_3_2,True,428648.87,371124.56,57524.31,0.155,0.142857
NA,2,27500000.0,5,IC,IC_Mgr_Dir_RVP_NA_1_3_2_3,Mgr_Dir_RVP_NA_1_3_2,True,302511.48,261914.7,40596.78,0.155,0.100819
NA,2,27500000.0,5,IC,IC_Mgr_Dir_RVP_NA_1_3_2_4,Mgr_Dir_RVP_NA_1_3_2,True,578107.08,500525.61,77581.47,0.155,0.192668
NA,2,27500000.0,5,IC,IC_Mgr_Dir_RVP_NA_1_3_2_5,Mgr_Dir_RVP_NA_1_3_2,True,460948.86,399089.92,61858.94,0.155,0.153622
NA,2,27500000.0,5,IC,IC_Mgr_Dir_RVP_NA_1_3_2_6,Mgr_Dir_RVP_NA_1_3_2,True,230445.81,199520.18,30925.63,0.155,0.076801
NA,2,27500000.0,5,IC,IC_Mgr_Dir_RVP_NA_1_3_2_7,Mgr_Dir_RVP_NA_1_3_2,True,463925.71,401667.28,62258.43,0.155,0.154614
NA,2,27500000.0,5,IC,IC_Mgr_Dir_RVP_NA_2_1_1_1,Mgr_Dir_RVP_NA_2_1_1,True,414976.34,359286.88,55689.47,0.155,0.25
NA,2,27500000.0,5,IC,IC_Mgr_Dir_RVP_NA_2_1_1_2,Mgr_Dir_RVP_NA_2_1_1,True,524264.91,453909.02,70355.9,0.155,0.31584
NA,2,27500000.0,5,IC,IC_Mgr_Dir_RVP_NA_2_1_1_3,Mgr_Dir_RVP_NA_2_1_1,True,503061.29,435550.9,67510.39,0.155,0.303066
NA,2,27500000.0,5,IC,IC_Mgr_Dir_RVP_NA_2_1_1_4,Mgr_Dir_RVP_NA_2_1_1,True,217602.83,188400.72,29202.11,0.155,0.131094
NA,2,27500000.0,5,IC,IC_Mgr_Dir_RVP_NA_2_1_2_1,Mgr_Dir_RVP_NA_2_1_2,True,463080.42,400935.43,62144.99,0.155,0.259428
NA,2,27500000.0,5,IC,IC_Mgr_Dir_RVP_NA_2_1_2_2,Mgr_Dir_RVP_NA_2_1_2,True,357001.72,309092.4,47909.32,0.155,0.2
NA,2,27500000.0,5,IC,IC_Mgr_Dir_RVP_NA_2_1_2_3,Mgr_Dir_RVP_NA_2_1_2,True,510682.33,442149.2,68533.13,0.155,0.286095
NA,2,27500000.0,5,IC,IC_Mgr_Dir_RVP_NA_2_1_2_4,Mgr_Dir_RVP_NA_2_1_2,True,168430.85,145827.58,22603.27,0.155,0.094359
NA,2,27500000.0,5,IC,IC_Mgr_Dir_RVP_NA_2_1_2_5,Mgr_Dir_RVP_NA_2_1_2,True,285813.3,247457.4,38355.9,0.155,0.160119
NA,2,27500000.0,5,IC,IC_Mgr_Dir_RVP_NA_2_1_3_1,Mgr_Dir_RVP_NA_2_1_3,True,316093.47,273674.0,42419.47,0.155,0.142857
NA,2,27500000.0,5,IC,IC_Mgr_Dir_RVP_NA_2_1_3_2,Mgr_Dir_RVP_NA_2_1_3,True,315545.92,273199.93,42345.99,0.155,0.14261
NA,2,27500000.0,5,IC,IC_Mgr_Dir_RVP_NA_2_1_3_3,Mgr_Dir_RVP_NA_2_1_3,True,240898.22,208569.89,32328.33,0.155,0.108873
NA,2,27500000.0,5,IC,IC_Mgr_Dir_RVP_NA_2_1_3_4,Mgr_Dir_RVP_NA_2_1_3,True,442805.53,383381.41,59424.12,0.155,0.200124
NA,2,27500000.0,5,IC,IC_Mgr_Dir_RVP_NA_2_1_3_5,Mgr_Dir_RVP_NA_2_1_3,True,316093.47,273674.0,42419.47,0.155,0.142857
NA,2,27500000.0,5,IC,IC_Mgr_Dir_RVP_NA_2_1_3_6,Mgr_Dir_RVP_NA_2_1_3,True,265124.21,229544.77,35579.44,0.155,0.119822
NA,2,27500000.0,5,IC,IC_Mgr_Dir_RVP_NA_2_1_3_7,Mgr_Dir_RVP_NA_2_1_3,True,316093.47,273674.0,42419.47,0.155,0.142857
NA,2,27500000.0,5,IC,IC_Mgr_Dir_RVP_NA_2_2_1_1,Mgr_Dir_RVP_NA_2_2_1,True,343489.86,297393.82,46096.04,0.155,0.151577
NA,2,27500000.0,5,IC,IC_Mgr_Dir_RVP_NA_2_2_1_2,Mgr_Dir_RVP_NA_2_2_1,True,377684.63,326999.68,50684.95,0.155,0.166667
NA,2,27500000.0,5,IC,IC_Mgr_Dir_RVP_NA_2_2_1_3,Mgr_Dir_RVP_NA_2_2_1,True,374491.51,324235.07,50256.44,0.155,0.165258
NA,2,27500000.0,5,IC,IC_Mgr_Dir_RVP_NA_2_2_1_4,Mgr_Dir_RVP_NA_2_2_1,True,202445.98,175277.9,27168.07,0.155,0.089336
NA,2,27500000.0,5,IC,IC_Mgr_Dir_RVP_NA_2_2_1_5,Mgr_Dir_RVP_NA_2_2_1,True,393819.06,340968.88,52850.18,0.155,0.173787
NA,2,27500000.0,5,IC,IC_Mgr_Dir_RVP_NA_2_2_1_6,Mgr_Dir_RVP_NA_2_2_1,True,574176.78,497122.75,77054.03,0.155,0.253376
NA,2,27500000.0,5,IC,IC_Mgr_Dir_RVP_NA_2_2_2_1,Mgr_Dir_RVP_NA_2_2_2,True,650244.81,562982.52,87262.29,0.155,0.23956
NA,2,27500000.0,5,IC,IC_Mgr_Dir_RVP_NA_2_2_2_2,Mgr_Dir_RVP_NA_2_2_2,True,403418.63,349280.2,54138.43,0.155,0.148625
NA,2,27500000.0,5,IC,IC_Mgr_Dir_RVP_NA_2_2_2_3,Mgr_Dir_RVP_NA_2_2_2,True,139867.65,121097.53,18770.12,0.155,0.051529
NA,2,27500000.0,5,IC,IC_Mgr_Dir_RVP_NA_2_2_2_4,Mgr_Dir_RVP_NA_2_2_2,True,352576.71,305261.22,47315.49,0.155,0.129894
NA,2,27500000.0,5,IC,IC_Mgr_Dir_RVP_NA_2_2_2_5,Mgr_Dir_RVP_NA_2_2_2,True,433223.28,375085.09,58138.19,0.155,0.159606
NA,2,27500000.0,5,IC,IC_Mgr_Dir_RVP_NA_2_2_2_6,Mgr_Dir_RVP_NA_2_2_2,True,494660.17,428277.2,66382.97,0.155,0.18224
NA,2,27500000.0,5,IC,IC_Mgr_Dir_RVP_NA_2_2_2_7,Mgr_Dir_RVP_NA_2_2_2,True,240340.81,208087.28,32253.53,0.155,0.088545
NA,2,27500000.0,5,IC,IC_Mgr_Dir_RVP_NA_2_2_3_1,Mgr_Dir_RVP_NA_2_2_3,True,284078.17,245955.12,38123.04,0.155,0.166667
NA,2,27500000.0,5,IC,IC_Mgr_Dir_RVP_NA_2_2_3_2,Mgr_Dir_RVP_NA_2_2_3,True,284078.17,245955.12,38123.04,0.155,0.166667
NA,2,27500000.0,5,IC,IC_Mgr_Dir_RVP_NA_2_2_3_3,Mgr_Dir_RVP_NA_2_2_3,True,273673.46,236946.72,36726.74,0.155,0.160562
NA,2,27500000.0,5,IC,IC_Mgr_Dir_RVP_NA_2_2_3_4,Mgr_Dir_RVP_NA_2_2_3,True,218684.05,189336.84,29347.21,0.155,0.1283
NA,2,27500000.0,5,IC,IC_Mgr_Dir_RVP_NA_2_2_3_5,Mgr_Dir_RVP_NA_2_2_3,True,433307.56,375158.06,58149.5,0.155,0.254219
NA,2,27500000.0,5,IC,IC_Mgr_Dir_RVP_NA_2_2_3_6,Mgr_Dir_RVP_NA_2_2_3,True,210647.59,182378.87,28268.72,0.155,0.123585
EMEA,1,12000000.0,0,Global,Global_Corp,,False,12000000.0,12000000.0,0.0,0.0,1.0
EMEA,1,12000000.0,1,Region,EMEA,Global_Corp,False,12000000.0,12000000.0,0.0,0.0,1.0
EMEA,1,12000000.0,2,RVP,RVP_EMEA_1,EMEA,False,12000000.0,12000000.0,0.0,0.0,1.0
EMEA,1,12000000.0,3,Director,Dir_RVP_EMEA_1_1,RVP_EMEA_1,False,5225753.44,5225753.44,0.0,0.0,0.435479
EMEA,1,12000000.0,3,Director,Dir_RVP_EMEA_1_2,RVP_EMEA_1,False,6774246.56,6774246.56,0.0,0.0,0.564521
EMEA,1,12000000.0,4,Manager,Mgr_Dir_RVP_EMEA_1_1_1,Dir_RVP_EMEA_1_1,False,2678464.71,2550918.77,127545.94,0.05,0.488144
EMEA,1,12000000.0,4,Manager,Mgr_Dir_RVP_EMEA_1_1_2,Dir_RVP_EMEA_1_1,False,2808576.4,2674834.67,133741.73,0.05,0.511856
EMEA,1,12000000.0,4,Manager,Mgr_Dir_RVP_EMEA_1_2_1,Dir_RVP_EMEA_1_2,False,3890647.52,3705378.59,185268.93,0.05,0.54698
EMEA,1,12000000.0,4,Manager,Mgr_Dir_RVP_EMEA_1_2_2,Dir_RVP_EMEA_1_2,False,3222311.37,3068867.97,153443.4,0.05,0.45302
EMEA,1,12000000.0,5,IC,IC_Mgr_Dir_RVP_EMEA_1_1_1_1,Mgr_Dir_RVP_EMEA_1_1_1,True,420705.51,364247.2,56458.32,0.155,0.142791
EMEA,1,12000000.0,5,IC,IC_Mgr_Dir_RVP_EMEA_1_1_1_2,Mgr_Dir_RVP_EMEA_1_1_1,True,276922.8,239760.0,37162.8,0.155,0.09399
EMEA,1,12000000.0,5,IC,IC_Mgr_Dir_RVP_EMEA_1_1_1_3,Mgr_Dir_RVP_EMEA_1_1_1,True,340315.24,294645.23,45670.01,0.155,0.115506
EMEA,1,12000000.0,5,IC,IC_Mgr_Dir_RVP_EMEA_1_1_1_4,Mgr_Dir_RVP_EMEA_1_1_1,True,563996.83,488308.95,75687.89,0.155,0.191425
EMEA,1,12000000.0,5,IC,IC_Mgr_Dir_RVP_EMEA_1_1_1_5,Mgr_Dir_RVP_EMEA_1_1_1,True,466318.52,403738.98,62579.54,0.155,0.158272
EMEA,1,12000000.0,5,IC,IC_Mgr_Dir_RVP_EMEA_1_1_1_6,Mgr_Dir_RVP_EMEA_1_1_1,True,576215.53,498887.9,77327.63,0.155,0.195572
EMEA,1,12000000.0,5,IC,IC_Mgr_Dir_RVP_EMEA_1_1_1_7,Mgr_Dir_RVP_EMEA_1_1_1,True,301836.76,261330.52,40506.23,0.155,0.102446
EMEA,1,12000000.0,5,IC,IC_Mgr_Dir_RVP_EMEA_1_1_2_1,Mgr_Dir_RVP_EMEA_1_1_2,True,411408.99,356198.26,55210.73,0.155,0.133166
EMEA,1,12000000.0,5,IC,IC_Mgr_Dir_RVP_EMEA_1_1_2_2,Mgr_Dir_RVP_EMEA_1_1_2,True,829661.39,718321.55,111339.84,0.155,0.268548
EMEA,1,12000000.0,5,IC,IC_Mgr_Dir_RVP_EMEA_1_1_2_3,Mgr_Dir_RVP_EMEA_1_1_2,True,586773.07,508028.63,78744.44,0.155,0.189929
EMEA,1,12000000.0,5,IC,IC_Mgr_Dir_RVP_EMEA_1_1_2_4,Mgr_Dir_RVP_EMEA_1_1_2,True,421069.4,364562.25,56507.15,0.155,0.136293
EMEA,1,12000000.0,5,IC,IC_Mgr_Dir_RVP_EMEA_1_1_2_5,Mgr_Dir_RVP_EMEA_1_1_2,True,389003.53,336799.59,52203.94,0.155,0.125914
EMEA,1,12000000.0,5,IC,IC_Mgr_Dir_RVP_EMEA_1_1_2_6,Mgr_Dir_RVP_EMEA_1_1_2,True,451517.66,390924.38,60593.28,0.155,0.146149
EMEA,1,12000000.0,5,IC,IC_Mgr_Dir_RVP_EMEA_1_2_1_1,Mgr_Dir_RVP_EMEA_1_2_1,True,686015.89,593953.15,92062.74,0.155,0.160295
EMEA,1,12000000.0,5,IC,IC_Mgr_Dir_RVP_EMEA_1_2_1_2,Mgr_Dir_RVP_EMEA_1_2_1,True,750246.28,649563.88,100682.4,0.155,0.175303
EMEA,1,12000000.0,5,IC,IC_Mgr_Dir_RVP_EMEA_1_2_1_3,Mgr_Dir_RVP_EMEA_1_2_1,True,717846.63,621512.23,96334.4,0.155,0.167732
EMEA,1,12000000.0,5,IC,IC_Mgr_Dir_RVP_EMEA_1_2_1_4,Mgr_Dir_RVP_EMEA_1_2_1,True,611387.47,529339.8,82047.67,0.155,0.142857
EMEA,1,12000000.0,5,IC,IC_Mgr_Dir_RVP_EMEA_1_2_1_5,Mgr_Dir_RVP_EMEA_1_2_1,True,557932.28,483058.25,74874.03,0.155,0.130367
EMEA,1,12000000.0,5,IC,IC_Mgr_Dir_RVP_EMEA_1_2_1_6,Mgr_Dir_RVP_EMEA_1_2_1,True,495653.28,429137.04,66516.24,0.155,0.115815
EMEA,1,12000000.0,5,IC,IC_Mgr_Dir_RVP_EMEA_1_2_1_7,Mgr_Dir_RVP_EMEA_1_2_1,True,460630.45,398814.24,61816.21,0.155,0.107631
EMEA,1,12000000.0,5,IC,IC_Mgr_Dir_RVP_EMEA_1_2_2_1,Mgr_Dir_RVP_EMEA_1_2_2,True,656907.98,568751.5,88156.48,0.155,0.185329
EMEA,1,12000000.0,5,IC,IC_Mgr_Dir_RVP_EMEA_1_2_2_2,Mgr_Dir_RVP_EMEA_1_2_2,True,629993.0,545448.48,84544.51,0.155,0.177736
EMEA,1,12000000.0,5,IC,IC_Mgr_Dir_RVP_EMEA_1_2_2_3,Mgr_Dir_RVP_EMEA_1_2_2,True,405987.69,351504.49,54483.2,0.155,0.114539
EMEA,1,12000000.0,5,IC,IC_Mgr_Dir_RVP_EMEA_1_2_2_4,Mgr_Dir_RVP_EMEA_1_2_2,True,516315.9,447026.75,69289.15,0.155,0.145665
EMEA,1,12000000.0,5,IC,IC_Mgr_Dir_RVP_EMEA_1_2_2_5,Mgr_Dir_RVP_EMEA_1_2_2,True,590757.08,511477.99,79279.09,0.155,0.166667
EMEA,1,12000000.0,5,IC,IC_Mgr_Dir_RVP_EMEA_1_2_2_6,Mgr_Dir_RVP_EMEA_1_2_2,True,744580.86,644658.75,99922.11,0.155,0.210064
EMEA,2,13200000.0,0,Global,Global_Corp,,False,13200000.0,13200000.0,0.0,0.0,1.0
EMEA,2,13200000.0,1,Region,EMEA,Global_Corp,False,13200000.0,13200000.0,0.0,0.0,1.0
EMEA,2,13200000.0,2,RVP,RVP_EMEA_1,EMEA,False,13200000.0,13200000.0,0.0,0.0,1.0
EMEA,2,13200000.0,3,Director,Dir_RVP_EMEA_1_1,RVP_EMEA_1,False,5748328.78,5748328.78,0.0,0.0,0.435479
EMEA,2,13200000.0,3,Director,Dir_RVP_EMEA_1_2,RVP_EMEA_1,False,7451671.22,7451671.22,0.0,0.0,0.564521
EMEA,2,13200000.0,4,Manager,Mgr_Dir_RVP_EMEA_1_1_1,Dir_RVP_EMEA_1_1,False,2946311.18,2806010.65,140300.53,0.05,0.488144
EMEA,2,13200000.0,4,Manager,Mgr_Dir_RVP_EMEA_1_1_2,Dir_RVP_EMEA_1_1,False,3089434.04,2942318.13,147115.91,0.05,0.511856
EMEA,2,13200000.0,4,Manager,Mgr_Dir_RVP_EMEA_1_2_1,Dir_RVP_EMEA_1_2,False,4279712.27,4075916.45,203795.82,0.05,0.54698
EMEA,2,13200000.0,4,Manager,Mgr_Dir_RVP_EMEA_1_2_2,Dir_RVP_EMEA_1_2,False,3544542.5,3375754.77,168787.74,0.05,0.45302
EMEA,2,13200000.0,5,IC,IC_Mgr_Dir_RVP_EMEA_1_1_1_1,Mgr_Dir_RVP_EMEA_1_1_1,True,462776.06,400671.92,62104.15,0.155,0.142791
EMEA,2,13200000.0,5,IC,IC_Mgr_Dir_RVP_EMEA_1_1_1_2,Mgr_Dir_RVP_EMEA_1_1_1,True,304615.07,263736.0,40879.08,0.155,0.09399
EMEA,2,13200000.0,5,IC,IC_Mgr_Dir_RVP_EMEA_1_1_1_3,Mgr_Dir_RVP_EMEA_1_1_1,True,374346.76,324109.75,50237.01,0.155,0.115506
EMEA,2,13200000.0,5,IC,IC_Mgr_Dir_RVP_EMEA_1_1_1_4,Mgr_Dir_RVP_EMEA_1_1_1,True,620396.52,537139.84,83256.68,0.155,0.191425
EMEA,2,13200000.0,5,IC,IC_Mgr_Dir_RVP_EMEA_1_1_1_5,Mgr_Dir_RVP_EMEA_1_1_1,True,512950.37,444112.88,68837.5,0.155,0.158272
EMEA,2,13200000.0,5,IC,IC_Mgr_Dir_RVP_EMEA_1_1_1_6,Mgr_Dir_RVP_EMEA_1_1_1,True,633837.08,548776.69,85060.39,0.155,0.195572
EMEA,2,13200000.0,5,IC,IC_Mgr_Dir_RVP_EMEA_1_1_1_7,Mgr_Dir_RVP_EMEA_1_1_1,True,332020.43,287463.58,44556.85,0.155,0.102446
EMEA,2,13200000.0,5,IC,IC_Mgr_Dir_RVP_EMEA_1_1_2_1,Mgr_Dir_RVP_EMEA_1_1_2,True,452549.89,391818.08,60731.8,0.155,0.133166
EMEA,2,13200000.0,5,IC,IC_Mgr_Dir_RVP_EMEA_1_1_2_2,Mgr_Dir_RVP_EMEA_1_1_2,True,912627.53,790153.7,122473.82,0.155,0.268548
EMEA,2,13200000.0,5,IC,IC_Mgr_Dir_RVP_EMEA_1_1_2_3,Mgr_Dir_RVP_EMEA_1_1_2,True,645450.38,558831.5,86618.88,0.155,0.189929
EMEA,2,13200000.0,5,IC,IC_Mgr_Dir_RVP_EMEA_1_1_2_4,Mgr_Dir_RVP_EMEA_1_1_2,True,463176.34,401018.48,62157.86,0.155,0.136293
EMEA,2,13200000.0,5,IC,IC_Mgr_Dir_RVP_EMEA_1_1_2_5,Mgr_Dir_RVP_EMEA_1_1_2,True,427903.88,370479.55,57424.33,0.155,0.125914
EMEA,2,13200000.0,5,IC,IC_Mgr_Dir_RVP_EMEA_1_1_2_6,Mgr_Dir_RVP_EMEA_1_1_2,True,496669.43,430016.82,66652.61,0.155,0.146149
EMEA,2,13200000.0,5,IC,IC_Mgr_Dir_RVP_EMEA_1_2_1_1,Mgr_Dir_RVP_EMEA_1_2_1,True,754617.48,653348.47,101269.01,0.155,0.160295
EMEA,2,13200000.0,5,IC,IC_Mgr_Dir_RVP_EMEA_1_2_1_2,Mgr_Dir_RVP_EMEA_1_2_1,True,825270.91,714520.26,110750.64,0.155,0.175303
EMEA,2,13200000.0,5,IC,IC_Mgr_Dir_RVP_EMEA_1_2_1_3,Mgr_Dir_RVP_EMEA_1_2_1,True,789631.29,683663.46,105967.84,0.155,0.167732
EMEA,2,13200000.0,5,IC,IC_Mgr_Dir_RVP_EMEA_1_2_1_4,Mgr_Dir_RVP_EMEA_1_2_1,True,672526.21,582273.78,90252.44,0.155,0.142857
EMEA,2,13200000.0,5,IC,IC_Mgr_Dir_RVP_EMEA_1_2_1_5,Mgr_Dir_RVP_EMEA_1_2_1,True,613725.51,531364.07,82361.43,0.155,0.130367
EMEA,2,13200000.0,5,IC,IC_Mgr_Dir_RVP_EMEA_1_2_1_6,Mgr_Dir_RVP_EMEA_1_2_1,True,545218.61,472050.74,73167.86,0.155,0.115815
EMEA,2,13200000.0,5,IC,IC_Mgr_Dir_RVP_EMEA_1_2_1_7,Mgr_Dir_RVP_EMEA_1_2_1,True,506693.5,438695.67,67997.83,0.155,0.107631
EMEA,2,13200000.0,5,IC,IC_Mgr_Dir_RVP_EMEA_1_2_2_1,Mgr_Dir_RVP_EMEA_1_2_2,True,722598.78,625626.65,96972.13,0.155,0.185329
EMEA,2,13200000.0,5,IC,IC_Mgr_Dir_RVP_EMEA_1_2_2_2,Mgr_Dir_RVP_EMEA_1_2_2,True,692992.3,599993.33,92998.97,0.155,0.177736
EMEA,2,13200000.0,5,IC,IC_Mgr_Dir_RVP_EMEA_1_2_2_3,Mgr_Dir_RVP_EMEA_1_2_2,True,446586.46,386654.94,59931.52,0.155,0.114539
EMEA,2,13200000.0,5,IC,IC_Mgr_Dir_RVP_EMEA_1_2_2_4,Mgr_Dir_RVP_EMEA_1_2_2,True,567947.49,491729.43,76218.06,0.155,0.145665
EMEA,2,13200000.0,5,IC,IC_Mgr_Dir_RVP_EMEA_1_2_2_5,Mgr_Dir_RVP_EMEA_1_2_2,True,649832.79,562625.79,87207.0,0.155,0.166667
EMEA,2,13200000.0,5,IC,IC_Mgr_Dir_RVP_EMEA_1_2_2_6,Mgr_Dir_RVP_EMEA_1_2_2,True,819038.94,709124.63,109914.32,0.155,0.210064
APAC,1,13000000.0,0,Global,Global_Corp,,False,13000000.0,13000000.0,0.0,0.0,1.0
APAC,1,13000000.0,1,Region,APAC,Global_Corp,False,13000000.0,13000000.0,0.0,0.0,1.0
APAC,1,13000000.0,2,RVP,RVP_APAC_1,APAC,False,13000000.0,13000000.0,0.0,0.0,1.0
APAC,1,13000000.0,3,Director,Dir_RVP_APAC_1_1,RVP_APAC_1,False,5045299.56,5045299.56,0.0,0.0,0.3881
APAC,1,13000000.0,3,Director,Dir_RVP_APAC_1_2,RVP_APAC_1,False,3589389.52,3589389.52,0.0,0.0,0.276107
APAC,1,13000000.0,3,Director,Dir_RVP_APAC_1_3,RVP_APAC_1,False,4365310.93,4365310.93,0.0,0.0,0.335793
APAC,1,13000000.0,4,Manager,Mgr_Dir_RVP_APAC_1_1_1,Dir_RVP_APAC_1_1,False,1406031.96,1339078.06,66953.9,0.05,0.265411
APAC,1,13000000.0,4,Manager,Mgr_Dir_RVP_APAC_1_1_2,Dir_RVP_APAC_1_1,False,1938380.23,1846076.4,92303.82,0.05,0.3659
APAC,1,13000000.0,4,Manager,Mgr_Dir_RVP_APAC_1_1_3,Dir_RVP_APAC_1_1,False,1953152.35,1860145.09,93007.25,0.05,0.368689
APAC,1,13000000.0,4,Manager,Mgr_Dir_RVP_APAC_1_2_1,Dir_RVP_APAC_1_2,False,2122398.14,2021331.56,101066.58,0.05,0.563141
APAC,1,13000000.0,4,Manager,Mgr_Dir_RVP_APAC_1_2_2,Dir_RVP_APAC_1_2,False,1646460.85,1568057.95,78402.9,0.05,0.436859
APAC,1,13000000.0,4,Manager,Mgr_Dir_RVP_APAC_1_3_1,Dir_RVP_APAC_1_3,False,1433421.57,1365163.4,68258.17,0.05,0.31273
APAC,1,13000000.0,4,Manager,Mgr_Dir_RVP_APAC_1_3_2,Dir_RVP_APAC_1_3,False,685611.77,652963.59,32648.18,0.05,0.14958
APAC,1,13000000.0,4,Manager,Mgr_Dir_RVP_APAC_1_3_3,Dir_RVP_APAC_1_3,False,1061335.94,1010796.14,50539.81,0.05,0.231552
APAC,1,13000000.0,4,Manager,Mgr_Dir_RVP_APAC_1_3_4,Dir_RVP_APAC_1_3,False,1403207.19,1336387.8,66819.39,0.05,0.306138
APAC,1,13000000.0,5,IC,IC_Mgr_Dir_RVP_APAC_1_1_1_1,Mgr_Dir_RVP_APAC_1_1_1,True,314145.5,271987.44,42158.05,0.155,0.203115
APAC,1,13000000.0,5,IC,IC_Mgr_Dir_RVP_APAC_1_1_1_2,Mgr_Dir_RVP_APAC_1_1_1,True,365952.47,316841.97,49110.5,0.155,0.236612
APAC,1,13000000.0,5,IC,IC_Mgr_Dir_RVP_APAC_1_1_1_3,Mgr_Dir_RVP_APAC_1_1_1,True,283896.56,245797.89,38098.67,0.155,0.183558
APAC,1,13000000.0,5,IC,IC_Mgr_Dir_RVP_APAC_1_1_1_4,Mgr_Dir_RVP_APAC_1_1_1,True,582640.63,504450.76,78189.87,0.155,0.376715
APAC,1,13000000.0,5,IC,IC_Mgr_Dir_RVP_APAC_1_1_2_1,Mgr_Dir_RVP_APAC_1_1_2,True,361233.86,312756.59,48477.27,0.155,0.169417
APAC,1,13000000.0,5,IC,IC_Mgr_Dir_RVP_APAC_1_1_2_2,Mgr_Dir_RVP_APAC_1_1_2,True,459830.32,398121.49,61708.83,0.155,0.215658
APAC,1,13000000.0,5,IC,IC_Mgr_Dir_RVP_APAC_1_1_2_3,Mgr_Dir_RVP_APAC_1_1_2,True,320742.29,277698.95,43043.34,0.155,0.150427
APAC,1,13000000.0,5,IC,IC_Mgr_Dir_RVP_APAC_1_1_2_4,Mgr_Dir_RVP_APAC_1_1_2,True,282303.97,244419.02,37884.95,0.155,0.132399
APAC,1,13000000.0,5,IC,IC_Mgr_Dir_RVP_APAC_1_1_2_5,Mgr_Dir_RVP_APAC_1_1_2,True,355369.71,307679.4,47690.31,0.155,0.166667
APAC,1,13000000.0,5,IC,IC_Mgr_Dir_RVP_APAC_1_1_2_6,Mgr_Dir_RVP_APAC_1_1_2,True,352738.1,305400.95,47337.15,0.155,0.165432
APAC,1,13000000.0,5,IC,IC_Mgr_Dir_RVP_APAC_1_1_3_1,Mgr_Dir_RVP_APAC_1_1_3,True,316465.23,273995.87,42469.36,0.155,0.147298
APAC,1,13000000.0,5,IC,IC_Mgr_Dir_RVP_APAC_1_1_3_2,Mgr_Dir_RVP_APAC_1_1_3,True,450559.58,390094.87,60464.71,0.155,0.209712
APAC,1,13000000.0,5,IC,IC_Mgr_Dir_RVP_APAC_1_1_3_3,Mgr_Dir_RVP_APAC_1_1_3,True,275669.91,238675.25,36994.66,0.155,0.12831
APAC,1,13000000.0,5,IC,IC_Mgr_Dir_RVP_APAC_1_1_3_4,Mgr_Dir_RVP_APAC_1_1_3,True,467208.33,404509.38,62698.95,0.155,0.217461
APAC,1,13000000.0,5,IC,IC_Mgr_Dir_RVP_APAC_1_1_3_5,Mgr_Dir_RVP_APAC_1_1_3,True,413900.3,358355.24,55545.06,0.155,0.192649
APAC,1,13000000.0,5,IC,IC_Mgr_Dir_RVP_APAC_1_1_3_6,Mgr_Dir_RVP_APAC_1_1_3,True,224664.23,194514.49,30149.75,0.155,0.10457
APAC,1,13000000.0,5,IC,IC_Mgr_Dir_RVP_APAC_1_2_1_1,Mgr_Dir_RVP_APAC_1_2_1,True,445838.2,386007.1,59831.1,0.155,0.190967
APAC,1,13000000.0,5,IC,IC_Mgr_Dir_RVP_APAC_1_2_1_2,Mgr_Dir_RVP_APAC_1_2_1,True,274351.62,237533.87,36817.75,0.155,0.117514
APAC,1,13000000.0,5,IC,IC_Mgr_Dir_RVP_APAC_1_2_1_3,Mgr_Dir_RVP_APAC_1_2_1,True,507198.81,439133.17,68065.64,0.155,0.217249
APAC,1,13000000.0,5,IC,IC_Mgr_Dir_RVP_APAC_1_2_1_4,Mgr_Dir_RVP_APAC_1_2_1,True,389106.33,336888.59,52217.73,0.155,0.166667
APAC,1,13000000.0,5,IC,IC_Mgr_Dir_RVP_APAC_1_2_1_5,Mgr_Dir_RVP_APAC_1_2_1,True,389106.33,336888.59,52217.73,0.155,0.166667
APAC,1,13000000.0,5,IC,IC_Mgr_Dir_RVP_APAC_1_2_1_6,Mgr_Dir_RVP_APAC_1_2_1,True,329036.68,284880.24,44156.44,0.155,0.140937
APAC,1,13000000.0,5,IC,IC_Mgr_Dir_RVP_APAC_1_2_2_1,Mgr_Dir_RVP_APAC_1_2_2,True,449183.88,388903.79,60280.09,0.155,0.248016
APAC,1,13000000.0,5,IC,IC_Mgr_Dir_RVP_APAC_1_2_2_2,Mgr_Dir_RVP_APAC_1_2_2,True,237777.7,205868.14,31909.56,0.155,0.131289
APAC,1,13000000.0,5,IC,IC_Mgr_Dir_RVP_APAC_1_2_2_3,Mgr_Dir_RVP_APAC_1_2_2,True,438095.4,379303.37,58792.02,0.155,0.241894
APAC,1,13000000.0,5,IC,IC_Mgr_Dir_RVP_APAC_1_2_2_4,Mgr_Dir_RVP_APAC_1_2_2,True,323828.57,280371.06,43457.51,0.155,0.178801
APAC,1,13000000.0,5,IC,IC_Mgr_Dir_RVP_APAC_1_2_2_5,Mgr_Dir_RVP_APAC_1_2_2,True,362221.39,313611.59,48609.8,0.155,0.2
APAC,1,13000000.0,5,IC,IC_Mgr_Dir_RVP_APAC_1_3_1_1,Mgr_Dir_RVP_APAC_1_3_1,True,163072.67,141188.46,21884.21,0.155,0.103422
APAC,1,13000000.0,5,IC,IC_Mgr_Dir_RVP_APAC_1_3_1_2,Mgr_Dir_RVP_APAC_1_3_1,True,235682.56,204054.16,31628.39,0.155,0.149472
APAC,1,13000000.0,5,IC,IC_Mgr_Dir_RVP_APAC_1_3_1_3,Mgr_Dir_RVP_APAC_1_3_1,True,241604.01,209180.96,32423.05,0.155,0.153228
APAC,1,13000000.0,5,IC,IC_Mgr_Dir_RVP_APAC_1_3_1_4,Mgr_Dir_RVP_APAC_1_3_1,True,174920.98,151446.74,23474.24,0.155,0.110937
APAC,1,13000000.0,5,IC,IC_Mgr_Dir_RVP_APAC_1_3_1_5,Mgr_Dir_RVP_APAC_1_3_1,True,246603.96,213509.92,33094.04,0.155,0.156399
APAC,1,13000000.0,5,IC,IC_Mgr_Dir_RVP_APAC_1_3_1_6,Mgr_Dir_RVP_APAC_1_3_1,True,225251.96,195023.34,30228.62,0.155,0.142857
APAC,1,13000000.0,5,IC,IC_Mgr_Dir_RVP_APAC_1_3_1_7,Mgr_Dir_RVP_APAC_1_3_1,True,289627.59,250759.82,38867.77,0.155,0.183685
APAC,1,13000000.0,5,IC,IC_Mgr_Dir_RVP_APAC_1_3_2_1,Mgr_Dir_RVP_APAC_1_3_2,True,189731.28,164269.51,25461.77,0.155,0.251575
APAC,1,13000000.0,5,IC,IC_Mgr_Dir_RVP_APAC_1_3_2_2,Mgr_Dir_RVP_APAC_1_3_2,True,193736.66,167737.37,25999.29,0.155,0.256886
APAC,1,13000000.0,5,IC,IC_Mgr_Dir_RVP_APAC_1_3_2_3,Mgr_Dir_RVP_APAC_1_3_2,True,182161.76,157715.81,24445.95,0.155,0.241538
APAC,1,13000000.0,5,IC,IC_Mgr_Dir_RVP_APAC_1_3_2_4,Mgr_Dir_RVP_APAC_1_3_2,True,188543.24,163240.9,25302.34,0.155,0.25
APAC,1,13000000.0,5,IC,IC_Mgr_Dir_RVP_APAC_1_3_3_1,Mgr_Dir_RVP_APAC_1_3_3,True,389844.56,337527.76,52316.8,0.155,0.333923
APAC,1,13000000.0,5,IC,IC_Mgr_Dir_RVP_APAC_1_3_3_2,Mgr_Dir_RVP_APAC_1_3_3,True,291867.38,252699.03,39168.35,0.155,0.25
APAC,1,13000000.0,5,IC,IC_Mgr_Dir_RVP_APAC_1_3_3_3,Mgr_Dir_RVP_APAC_1_3_3,True,314922.99,272660.6,42262.39,0.155,0.269748
APAC,1,13000000.0,5,IC,IC_Mgr_Dir_RVP_APAC_1_3_3_4,Mgr_Dir_RVP_APAC_1_3_3,True,170834.6,147908.74,22925.86,0.155,0.146329
APAC,1,13000000.0,5,IC,IC_Mgr_Dir_RVP_APAC_1_3_4_1,Mgr_Dir_RVP_APAC_1_3_4,True,300093.0,259820.78,40272.22,0.155,0.19442
APAC,1,13000000.0,5,IC,IC_Mgr_Dir_RVP_APAC_1_3_4_2,Mgr_Dir_RVP_APAC_1_3_4,True,201689.44,174622.89,27066.55,0.155,0.130668
APAC,1,13000000.0,5,IC,IC_Mgr_Dir_RVP_APAC_1_3_4_3,Mgr_Dir_RVP_APAC_1_3_4,True,376897.97,326318.59,50579.38,0.155,0.24418
APAC,1,13000000.0,5,IC,IC_Mgr_Dir_RVP_APAC_1_3_4_4,Mgr_Dir_RVP_APAC_1_3_4,True,528404.92,457493.44,70911.48,0.155,0.342336
APAC,1,13000000.0,5,IC,IC_Mgr_Dir_RVP_APAC_1_3_4_5,Mgr_Dir_RVP_APAC_1_3_4,True,136442.59,118132.11,18310.48,0.155,0.088397
APAC,2,14300000.0,0,Global,Global_Corp,,False,14300000.0,14300000.0,0.0,0.0,1.0
APAC,2,14300000.0,1,Region,APAC,Global_Corp,False,14300000.0,14300000.0,0.0,0.0,1.0
APAC,2,14300000.0,2,RVP,RVP_APAC_1,APAC,False,14300000.0,14300000.0,0.0,0.0,1.0
APAC,2,14300000.0,3,Director,Dir_RVP_APAC_1_1,RVP_APAC_1,False,5549829.51,5549829.51,0.0,0.0,0.3881
APAC,2,14300000.0,3,Director,Dir_RVP_APAC_1_2,RVP_APAC_1,False,3948328.47,3948328.47,0.0,0.0,0.276107
APAC,2,14300000.0,3,Director,Dir_RVP_APAC_1_3,RVP_APAC_1,False,4801842.02,4801842.02,0.0,0.0,0.335793
APAC,2,14300000.0,4,Manager,Mgr_Dir_RVP_APAC_1_1_1,Dir_RVP_APAC_1_1,False,1546635.16,1472985.86,73649.29,0.05,0.265411
APAC,2,14300000.0,4,Manager,Mgr_Dir_RVP_APAC_1_1_2,Dir_RVP_APAC_1_1,False,2132218.25,2030684.05,101534.2,0.05,0.3659
APAC,2,14300000.0,4,Manager,Mgr_Dir_RVP_APAC_1_1_3,Dir_RVP_APAC_1_1,False,2148467.58,2046159.6,102307.98,0.05,0.368689
APAC,2,14300000.0,4,Manager,Mgr_Dir_RVP_APAC_1_2_1,Dir_RVP_APAC_1_2,False,2334637.96,2223464.72,111173.24,0.05,0.563141
APAC,2,14300000.0,4,Manager,Mgr_Dir_RVP_APAC_1_2_2,Dir_RVP_APAC_1_2,False,1811106.93,1724863.75,86243.19,0.05,0.436859
APAC,2,14300000.0,4,Manager,Mgr_Dir_RVP_APAC_1_3_1,Dir_RVP_APAC_1_3,False,1576763.72,1501679.74,75083.99,0.05,0.31273
APAC,2,14300000.0,4,Manager,Mgr_Dir_RVP_APAC_1_3_2,Dir_RVP_APAC_1_3,False,754172.95,718259.95,35913.0,0.05,0.14958
APAC,2,14300000.0,4,Manager,Mgr_Dir_RVP_APAC_1_3_3,Dir_RVP_APAC_1_3,False,1167469.54,1111875.75,55593.79,0.05,0.231552
APAC,2,14300000.0,4,Manager,Mgr_Dir_RVP_APAC_1_3_4,Dir_RVP_APAC_1_3,False,1543527.91,1470026.58,73501.33,0.05,0.306138
APAC,2,14300000.0,5,IC,IC_Mgr_Dir_RVP_APAC_1_1_1_1,Mgr_Dir_RVP_APAC_1_1_1,True,345560.05,299186.19,46373.86,0.155,0.203115
APAC,2,14300000.0,5,IC,IC_Mgr_Dir_RVP_APAC_1_1_1_2,Mgr_Dir_RVP_APAC_1_1_1,True,402547.72,348526.16,54021.56,0.155,0.236612
APAC,2,14300000.0,5,IC,IC_Mgr_Dir_RVP_APAC_1_1_1_3,Mgr_Dir_RVP_APAC_1_1_1,True,312286.22,270377.68,41908.54,0.155,0.183558
APAC,2,14300000.0,5,IC,IC_Mgr_Dir_RVP_APAC_1_1_1_4,Mgr_Dir_RVP_APAC_1_1_1,True,640904.69,554895.83,86008.85,0.155,0.376715
APAC,2,14300000.0,5,IC,IC_Mgr_Dir_RVP_APAC_1_1_2_1,Mgr_Dir_RVP_APAC_1_1_2,True,397357.24,344032.24,53325.0,0.155,0.169417
APAC,2,14300000.0,5,IC,IC_Mgr_Dir_RVP_APAC_1_1_2_2,Mgr_Dir_RVP_APAC_1_1_2,True,505813.35,437933.64,67879.71,0.155,0.215658
APAC,2,14300000.0,5,IC,IC_Mgr_Dir_RVP_APAC_1_1_2_3,Mgr_Dir_RVP_APAC_1_1_2,True,352816.52,305468.85,47347.67,0.155,0.150427
APAC,2,14300000.0,5,IC,IC_Mgr_Dir_RVP_APAC_1_1_2_4,Mgr_Dir_RVP_APAC_1_1_2,True,310534.37,268860.92,41673.44,0.155,0.132399
APAC,2,14300000.0,5,IC,IC_Mgr_Dir_RVP_APAC_1_1_2_5,Mgr_Dir_RVP_APAC_1_1_2,True,390906.68,338447.34,52459.34,0.155,0.166667
APAC,2,14300000.0,5,IC,IC_Mgr_Dir_RVP_APAC_1_1_2_6,Mgr_Dir_RVP_APAC_1_1_2,True,388011.91,335941.05,52070.86,0.155,0.165432
APAC,2,14300000.0,5,IC,IC_Mgr_Dir_RVP_APAC_1_1_3_1,Mgr_Dir_RVP_APAC_1_1_3,True,348111.75,301395.46,46716.3,0.155,0.147298
APAC,2,14300000.0,5,IC,IC_Mgr_Dir_RVP_APAC_1_1_3_2,Mgr_Dir_RVP_APAC_1_1_3,True,495615.53,429104.36,66511.18,0.155,0.209712
APAC,2,14300000.0,5,IC,IC_Mgr_Dir_RVP_APAC_1_1_3_3,Mgr_Dir_RVP_APAC_1_1_3,True,303236.9,262542.77,40694.13,0.155,0.12831
APAC,2,14300000.0,5,IC,IC_Mgr_Dir_RVP_APAC_1_1_3_4,Mgr_Dir_RVP_APAC_1_1_3,True,513929.16,444960.32,68968.85,0.155,0.217461
APAC,2,14300000.0,5,IC,IC_Mgr_Dir_RVP_APAC_1_1_3_5,Mgr_Dir_RVP_APAC_1_1_3,True,455290.34,394190.77,61099.57,0.155,0.192649
APAC,2,14300000.0,5,IC,IC_Mgr_Dir_RVP_APAC_1_1_3_6,Mgr_Dir_RVP_APAC_1_1_3,True,247130.65,213965.93,33164.72,0.155,0.10457
APAC,2,14300000.0,5,IC,IC_Mgr_Dir_RVP_APAC_1_2_1_1,Mgr_Dir_RVP_APAC_1_2_1,True,490422.02,424607.81,65814.21,0.155,0.190967
APAC,2,14300000.0,5,IC,IC_Mgr_Dir_RVP_APAC_1_2_1_2,Mgr_Dir_RVP_APAC_1_2_1,True,301786.78,261287.26,40499.52,0.155,0.117514
APAC,2,14300000.0,5,IC,IC_Mgr_Dir_RVP_APAC_1_2_1_3,Mgr_Dir_RVP_APAC_1_2_1,True,557918.69,483046.48,74872.2,0.155,0.217249
APAC,2,14300000.0,5,IC,IC_Mgr_Dir_RVP_APAC_1_2_1_4,Mgr_Dir_RVP_APAC_1_2_1,True,428016.96,370577.45,57439.51,0.155,0.166667
APAC,2,14300000.0,5,IC,IC_Mgr_Dir_RVP_APAC_1_2_1_5,Mgr_Dir_RVP_APAC_1_2_1,True,428016.96,370577.45,57439.51,0.155,0.166667
APAC,2,14300000.0,5,IC,IC_Mgr_Dir_RVP_APAC_1_2_1_6,Mgr_Dir_RVP_APAC_1_2_1,True,361940.35,313368.27,48572.08,0.155,0.140937
APAC,2,14300000.0,5,IC,IC_Mgr_Dir_RVP_APAC_1_2_2_1,Mgr_Dir_RVP_APAC_1_2_2,True,494102.27,427794.17,66308.1,0.155,0.248016
APAC,2,14300000.0,5,IC,IC_Mgr_Dir_RVP_APAC_1_2_2_2,Mgr_Dir_RVP_APAC_1_2_2,True,261555.47,226454.95,35100.52,0.155,0.131289
APAC,2,14300000.0,5,IC,IC_Mgr_Dir_RVP_APAC_1_2_2_3,Mgr_Dir_RVP_APAC_1_2_2,True,481904.94,417233.71,64671.23,0.155,0.241894
APAC,2,14300000.0,5,IC,IC_Mgr_Dir_RVP_APAC_1_2_2_4,Mgr_Dir_RVP_APAC_1_2_2,True,356211.43,308408.16,47803.27,0.155,0.178801
APAC,2,14300000.0,5,IC,IC_Mgr_Dir_RVP_APAC_1_2_2_5,Mgr_Dir_RVP_APAC_1_2_2,True,398443.53,344972.75,53470.78,0.155,0.2
APAC,2,14300000.0,5,IC,IC_Mgr_Dir_RVP_APAC_1_3_1_1,Mgr_Dir_RVP_APAC_1_3_1,True,179379.93,155307.3,24072.63,0.155,0.103422
APAC,2,14300000.0,5,IC,IC_Mgr_Dir_RVP_APAC_1_3_1_2,Mgr_Dir_RVP_APAC_1_3_1,True,259250.81,224459.58,34791.23,0.155,0.149472
APAC,2,14300000.0,5,IC,IC_Mgr_Dir_RVP_APAC_1_3_1_3,Mgr_Dir_RVP_APAC_1_3_1,True,265764.41,230099.06,35665.35,0.155,0.153228
APAC,2,14300000.0,5,IC,IC_Mgr_Dir_RVP_APAC_1_3_1_4,Mgr_Dir_RVP_APAC_1_3_1,True,192413.08,166591.41,25821.67,0.155,0.110937
APAC,2,14300000.0,5,IC,IC_Mgr_Dir_RVP_APAC_1_3_1_5,Mgr_Dir_RVP_APAC_1_3_1,True,271264.35,234860.91,36403.44,0.155,0.156399
APAC,2,14300000.0,5,IC,IC_Mgr_Dir_RVP_APAC_1_3_1_6,Mgr_Dir_RVP_APAC_1_3_1,True,247777.16,214525.68,33251.48,0.155,0.142857
APAC,2,14300000.0,5,IC,IC_Mgr_Dir_RVP_APAC_1_3_1_7,Mgr_Dir_RVP_APAC_1_3_1,True,318590.35,275835.8,42754.55,0.155,0.183685
APAC,2,14300000.0,5,IC,IC_Mgr_Dir_RVP_APAC_1_3_2_1,Mgr_Dir_RVP_APAC_1_3_2,True,208704.41,180696.46,28007.95,0.155,0.251575
APAC,2,14300000.0,5,IC,IC_Mgr_Dir_RVP_APAC_1_3_2_2,Mgr_Dir_RVP_APAC_1_3_2,True,213110.33,184511.11,28599.22,0.155,0.256886
APAC,2,14300000.0,5,IC,IC_Mgr_Dir_RVP_APAC_1_3_2_3,Mgr_Dir_RVP_APAC_1_3_2,True,200377.94,173487.39,26890.55,0.155,0.241538
APAC,2,14300000.0,5,IC,IC_Mgr_Dir_RVP_APAC_1_3_2_4,Mgr_Dir_RVP_APAC_1_3_2,True,207397.56,179564.99,27832.57,0.155,0.25
APAC,2,14300000.0,5,IC,IC_Mgr_Dir_RVP_APAC_1_3_3_1,Mgr_Dir_RVP_APAC_1_3_3,True,428829.02,371280.54,57548.48,0.155,0.333923
APAC,2,14300000.0,5,IC,IC_Mgr_Dir_RVP_APAC_1_3_3_2,Mgr_Dir_RVP_APAC_1_3_3,True,321054.12,277968.94,43085.19,0.155,0.25
APAC,2,14300000.0,5,IC,IC_Mgr_Dir_RVP_APAC_1_3_3_3,Mgr_Dir_RVP_APAC_1_3_3,True,346415.29,299926.66,46488.63,0.155,0.269748
APAC,2,14300000.0,5,IC,IC_Mgr_Dir_RVP_APAC_1_3_3_4,Mgr_Dir_RVP_APAC_1_3_3,True,187918.06,162699.62,25218.44,0.155,0.146329
APAC,2,14300000.0,5,IC,IC_Mgr_Dir_RVP_APAC_1_3_4_1,Mgr_Dir_RVP_APAC_1_3_4,True,330102.3,285802.85,44299.44,0.155,0.19442
APAC,2,14300000.0,5,IC,IC_Mgr_Dir_RVP_APAC_1_3_4_2,Mgr_Dir_RVP_APAC_1_3_4,True,221858.38,192085.18,29773.2,0.155,0.130668
APAC,2,14300000.0,5,IC,IC_Mgr_Dir_RVP_APAC_1_3_4_3,Mgr_Dir_RVP_APAC_1_3_4,True,414587.77,358950.45,55637.32,0.155,0.24418
APAC,2,14300000.0,5,IC,IC_Mgr_Dir_RVP_APAC_1_3_4_4,Mgr_Dir_RVP_APAC_1_3_4,True,581245.42,503242.78,78002.63,0.155,0.342336
APAC,2,14300000.0,5,IC,IC_Mgr_Dir_RVP_APAC_1_3_4_5,Mgr_Dir_RVP_APAC_1_3_4,True,150086.84,129945.32,20141.52,0.155,0.088397
